Nov 15, 2022  01:59:40 PM
Residual Gas Analyzer Software 
RGA Software Version, 3.214.004

Pressure vs Time Scan Setup:

Active channels in Scan, 4 
Units, Torr
Sample Period, 1.00, sec
Focus Voltage, 90, Volts 
Ion Energy, HIGH 
Electron Energy, 70, eV 
CEM Voltage, 1000, Volts
CEM Gain, 1.00E+006 
Sensitivity Factor, 2.00E-007 
Filament Current, 1.00, mAmps
Start time, Nov 15, 2022  01:59:40 PM 
Channel,  Mass(amu),     Name,                 Cal Factor,  Noise Floor, CEM Status

1         28.00          Nitrogen              1.00         1            OFF
2         18.00          Water                 1.00         1            OFF
3         2.00           Hydrogen              1.00         1            OFF
4         32.00          Oxygen                1.00         1            OFF


Time(s),Nitrogen,Water,Hydrogen,Oxygen,
0.000,   1.6410E-006,   1.9717E-005,   1.5855E-004,   7.0000E-008,  
6.000,   1.5890E-006,   1.9509E-005,   1.5843E-004,   1.0000E-008,  
11.985,   1.5950E-006,   1.9316E-005,   1.6139E-004,   4.0000E-008,  
18.000,   1.5720E-006,   1.8613E-005,   1.6249E-004,  -5.0500E-008,  
23.985,   1.5260E-006,   1.8593E-005,   1.5756E-004,   9.5000E-009,  
29.969,   1.4675E-006,   1.8151E-005,   1.6779E-004,   7.1000E-008,  
36.000,   1.4470E-006,   1.7976E-005,   1.4971E-004,   4.0000E-009,  
41.985,   1.4380E-006,   1.7690E-005,   1.6279E-004,  -4.5000E-009,  
47.985,   1.4560E-006,   1.7869E-005,   1.6023E-004,  -4.3500E-008,  
53.985,   1.4590E-006,   1.7351E-005,   1.4669E-004,   4.7500E-008,  
60.000,   1.4170E-006,   1.7135E-005,   1.5287E-004,  -5.5000E-009,  
66.000,   1.3835E-006,   1.7004E-005,   1.6145E-004,  -1.1000E-008,  
72.016,   1.3410E-006,   1.6918E-005,   1.6279E-004,   7.3500E-008,  
78.000,   1.4230E-006,   1.7024E-005,   1.6905E-004,  -4.2000E-008,  
84.000,   1.3350E-006,   1.7257E-005,   1.7147E-004,   6.8500E-008,  
90.000,   1.3720E-006,   1.6619E-005,   1.4929E-004,  -1.8500E-008,  
96.000,   1.3650E-006,   1.6724E-005,   1.7928E-004,   1.7000E-008,  
102.000,   1.3770E-006,   1.6844E-005,   1.5468E-004,   1.7500E-008,  
108.016,   1.3905E-006,   1.6745E-005,   1.6757E-004,   1.3000E-008,  
114.016,   1.3930E-006,   1.6672E-005,   1.6525E-004,   1.8500E-008,  
120.032,   1.3460E-006,   1.6758E-005,   1.5248E-004,  -2.1000E-008,  
126.016,   1.4735E-006,   1.6901E-005,   1.7462E-004,   1.9000E-008,  
132.016,   1.3530E-006,   1.6744E-005,   1.5808E-004,   1.9000E-008,  
138.016,   1.4480E-006,   1.6660E-005,   1.7626E-004,   1.0500E-008,  
144.047,   1.3285E-006,   1.7128E-005,   1.6248E-004,  -3.4000E-008,  
150.000,   1.4075E-006,   1.7116E-005,   1.5763E-004,   5.4000E-008,  
156.032,   1.5090E-006,   1.7415E-005,   1.6653E-004,   5.3000E-008,  
162.016,   1.4595E-006,   1.7626E-005,   1.9122E-004,   8.2500E-008,  
168.016,   1.4845E-006,   1.7531E-005,   1.7048E-004,   6.3000E-008,  
174.016,   1.5040E-006,   1.7475E-005,   1.6584E-004,   4.2500E-008,  
180.032,   1.4020E-006,   1.7432E-005,   1.8295E-004,  -3.5000E-009,  
186.032,   1.5395E-006,   1.7669E-005,   1.8990E-004,   6.5000E-009,  
192.032,   1.4185E-006,   1.7438E-005,   1.7445E-004,   2.1000E-008,  
198.016,   1.4900E-006,   1.7268E-005,   1.8935E-004,   5.7500E-008,  
204.016,   1.5445E-006,   1.7406E-005,   1.7341E-004,   1.7500E-008,  
210.047,   1.5055E-006,   1.7305E-005,   1.8585E-004,   7.6500E-008,  
216.047,   1.6635E-006,   1.7438E-005,   1.7450E-004,   6.9500E-008,  
222.047,   1.5805E-006,   1.7507E-005,   1.8788E-004,   5.4500E-008,  
228.047,   1.5345E-006,   1.7145E-005,   1.7818E-004,   9.5000E-009,  
234.032,   1.5810E-006,   1.7299E-005,   1.8442E-004,   4.8000E-008,  
240.032,   1.6245E-006,   1.7132E-005,   1.8772E-004,   8.1000E-008,  
246.016,   1.5515E-006,   1.7299E-005,   1.9675E-004,   5.3500E-008,  
252.032,   1.6690E-006,   1.7561E-005,   1.7215E-004,   1.1400E-007,  
258.032,   1.5450E-006,   1.7206E-005,   1.9140E-004,   1.2500E-008,  
264.063,   1.6405E-006,   1.7156E-005,   1.9626E-004,   3.7000E-008,  
270.047,   1.5675E-006,   1.7235E-005,   1.9363E-004,   4.2500E-008,  
276.063,   1.6475E-006,   1.7315E-005,   2.1242E-004,   2.9000E-008,  
282.079,   1.6485E-006,   1.6989E-005,   1.9220E-004,   3.9500E-008,  
288.079,   1.5585E-006,   1.7217E-005,   1.9033E-004,   5.1500E-008,  
294.063,   1.6250E-006,   1.7175E-005,   2.2549E-004,  -6.5000E-009,  
300.094,   1.6655E-006,   1.7099E-005,   1.9919E-004,   4.7000E-008,  
306.079,   1.6250E-006,   1.7272E-005,   2.1462E-004,   3.2500E-008,  
312.079,   1.6790E-006,   1.7062E-005,   2.1307E-004,  -2.0500E-008,  
318.094,   1.5710E-006,   1.7015E-005,   2.4566E-004,  -1.5000E-009,  
324.110,   1.5405E-006,   1.7084E-005,   2.0526E-004,  -3.5000E-008,  
330.079,   1.5815E-006,   1.7146E-005,   2.2915E-004,   3.6500E-008,  
336.094,   1.5570E-006,   1.6935E-005,   2.1729E-004,   1.0000E-009,  
342.094,   1.6240E-006,   1.7002E-005,   2.2666E-004,  -1.2000E-008,  
348.079,   1.5305E-006,   1.6921E-005,   2.2208E-004,   6.9000E-008,  
354.094,   1.5580E-006,   1.7219E-005,   2.6610E-004,   3.0000E-008,  
360.079,   1.6560E-006,   1.6903E-005,   2.2475E-004,   9.7500E-008,  
366.094,   1.7010E-006,   1.7108E-005,   2.4325E-004,   4.5000E-009,  
372.079,   1.5560E-006,   1.7093E-005,   2.5893E-004,  -3.1500E-008,  
378.094,   1.6265E-006,   1.6820E-005,   2.3053E-004,   2.0500E-008,  
384.094,   1.6455E-006,   1.7160E-005,   2.5595E-004,  -2.3500E-008,  
390.079,   1.5580E-006,   1.6864E-005,   2.6102E-004,   6.3500E-008,  
396.094,   1.6590E-006,   1.7218E-005,   2.4019E-004,  -2.6500E-008,  
402.094,   1.5750E-006,   1.6892E-005,   2.3917E-004,   5.5500E-008,  
408.079,   1.5305E-006,   1.6859E-005,   2.8015E-004,   8.4000E-008,  
414.094,   1.5970E-006,   1.6760E-005,   2.3944E-004,   1.4000E-008,  
420.063,   1.6665E-006,   1.6977E-005,   2.7146E-004,  -9.5000E-009,  
426.079,   1.5675E-006,   1.6911E-005,   2.3912E-004,   4.4000E-008,  
432.110,   1.4670E-006,   1.6975E-005,   2.5689E-004,   9.3500E-008,  
438.110,   1.6275E-006,   1.6663E-005,   2.6018E-004,   3.9500E-008,  
444.094,   1.6135E-006,   1.7158E-005,   2.5294E-004,   3.8500E-008,  
450.110,   1.6170E-006,   1.6757E-005,   2.6427E-004,   4.1000E-008,  
456.125,   1.6360E-006,   1.6808E-005,   2.6287E-004,   1.0500E-008,  
462.110,   1.5370E-006,   1.6921E-005,   2.5281E-004,   9.0000E-009,  
468.110,   1.5375E-006,   1.6817E-005,   2.5424E-004,  -2.4000E-008,  
474.110,   1.5185E-006,   1.6792E-005,   2.8681E-004,   5.4000E-008,  
480.110,   1.5270E-006,   1.6539E-005,   2.3976E-004,   3.9000E-008,  
486.110,   1.6015E-006,   1.6537E-005,   2.5164E-004,   9.8000E-008,  
492.110,   1.5265E-006,   1.6684E-005,   2.5115E-004,   5.4000E-008,  
498.110,   1.5070E-006,   1.6840E-005,   2.4609E-004,   5.7500E-008,  
504.094,   1.5505E-006,   1.6866E-005,   2.4885E-004,   0.0000E+000,  
510.110,   1.5750E-006,   1.6789E-005,   2.7208E-004,   2.8500E-008,  
516.110,   1.5705E-006,   1.6864E-005,   2.5961E-004,   2.7500E-008,  
522.110,   1.5105E-006,   1.6762E-005,   2.5090E-004,   6.8500E-008,  
528.110,   1.5485E-006,   1.6860E-005,   2.6765E-004,   5.9500E-008,  
534.125,   1.4705E-006,   1.6630E-005,   2.4798E-004,   3.1500E-008,  
540.110,   1.4820E-006,   1.6358E-005,   2.5666E-004,   2.6500E-008,  
546.110,   1.4820E-006,   1.6742E-005,   2.5075E-004,   7.4000E-008,  
552.110,   1.5425E-006,   1.6765E-005,   2.4897E-004,   5.4500E-008,  
558.094,   1.5925E-006,   1.6659E-005,   2.6609E-004,   3.9500E-008,  
564.094,   1.5875E-006,   1.6573E-005,   3.0594E-004,  -1.0000E-009,  
570.110,   1.5460E-006,   1.6731E-005,   2.4241E-004,   4.0500E-008,  
576.110,   1.5645E-006,   1.6937E-005,   2.6642E-004,   8.5000E-009,  
582.110,   1.5085E-006,   1.6823E-005,   2.5261E-004,   0.0000E+000,  
588.110,   1.5725E-006,   1.6808E-005,   2.7426E-004,   3.0000E-009,  
594.110,   1.4985E-006,   1.6624E-005,   2.4617E-004,   3.0500E-008,  
600.125,   1.5260E-006,   1.6835E-005,   2.7130E-004,   3.2500E-008,  
606.110,   1.4345E-006,   1.6696E-005,   2.6122E-004,   3.7000E-008,  
612.110,   1.5495E-006,   1.6595E-005,   2.7867E-004,  -2.6000E-008,  
618.125,   1.4990E-006,   1.6538E-005,   2.5724E-004,   6.7500E-008,  
624.125,   1.4960E-006,   1.6657E-005,   2.4821E-004,  -9.5000E-009,  
630.110,   1.5035E-006,   1.6614E-005,   2.9262E-004,  -9.5000E-009,  
636.125,   1.4095E-006,   1.6512E-005,   2.5933E-004,   9.0000E-009,  
642.125,   1.5570E-006,   1.6645E-005,   2.8350E-004,   1.7500E-008,  
648.141,   1.5250E-006,   1.6607E-005,   2.5062E-004,   2.4000E-008,  
654.125,   1.5925E-006,   1.6702E-005,   2.6859E-004,   3.5000E-009,  
660.125,   1.5310E-006,   1.6670E-005,   2.5695E-004,   2.2000E-008,  
666.141,   1.4925E-006,   1.6528E-005,   2.7097E-004,  -7.1000E-008,  
672.141,   1.5445E-006,   1.6355E-005,   2.6490E-004,   6.8500E-008,  
678.125,   1.5175E-006,   1.6628E-005,   2.5108E-004,   1.0350E-007,  
684.141,   1.5670E-006,   1.6615E-005,   2.5338E-004,   5.9000E-008,  
690.125,   1.4995E-006,   1.6698E-005,   2.6592E-004,  -1.5000E-009,  
696.125,   1.4820E-006,   1.6550E-005,   2.5789E-004,   5.3000E-008,  
702.125,   1.4525E-006,   1.6457E-005,   2.5842E-004,  -8.0000E-009,  
708.125,   1.4460E-006,   1.6560E-005,   2.7064E-004,  -3.9000E-008,  
714.141,   1.4405E-006,   1.6616E-005,   2.5836E-004,   4.5000E-008,  
720.110,   1.4245E-006,   1.6543E-005,   2.7123E-004,   2.6000E-008,  
726.157,   1.4200E-006,   1.6487E-005,   2.4655E-004,   1.5000E-008,  
732.141,   1.4530E-006,   1.6536E-005,   2.9975E-004,   1.6500E-008,  
738.141,   1.4430E-006,   1.6369E-005,   2.4883E-004,   2.4000E-008,  
744.157,   1.4740E-006,   1.6557E-005,   2.7923E-004,  -1.1500E-008,  
750.141,   1.4595E-006,   1.6472E-005,   2.5618E-004,   3.8500E-008,  
756.141,   1.4795E-006,   1.6720E-005,   2.8207E-004,   3.6500E-008,  
762.157,   1.5005E-006,   1.6659E-005,   2.6490E-004,   6.6500E-008,  
768.141,   1.4865E-006,   1.6423E-005,   2.5264E-004,   8.5500E-008,  
774.141,   1.4875E-006,   1.6500E-005,   2.5838E-004,  -3.5000E-009,  
780.141,   1.4610E-006,   1.6453E-005,   2.6306E-004,  -2.8500E-008,  
786.157,   1.4445E-006,   1.6307E-005,   2.6950E-004,   4.9000E-008,  
792.157,   1.4125E-006,   1.6448E-005,   2.5209E-004,   1.3000E-008,  
798.172,   1.5100E-006,   1.6255E-005,   2.8005E-004,   1.8000E-008,  
804.157,   1.3975E-006,   1.6508E-005,   2.4850E-004,   3.8000E-008,  
810.172,   1.4575E-006,   1.6364E-005,   2.5080E-004,   5.5500E-008,  
816.157,   1.5020E-006,   1.6375E-005,   2.9423E-004,   7.5000E-009,  
822.172,   1.5260E-006,   1.6258E-005,   2.5912E-004,   4.0500E-008,  
828.157,   1.5325E-006,   1.6753E-005,   2.7303E-004,   3.0000E-009,  
834.157,   1.4925E-006,   1.6621E-005,   2.5753E-004,   1.5000E-008,  
840.157,   1.5730E-006,   1.6668E-005,   2.5889E-004,   8.0000E-009,  
846.157,   1.5385E-006,   1.6435E-005,   2.8030E-004,  -4.5000E-009,  
852.157,   1.5545E-006,   1.6392E-005,   2.5778E-004,   5.7000E-008,  
858.172,   1.5230E-006,   1.6396E-005,   2.8155E-004,   1.9500E-008,  
864.157,   1.5530E-006,   1.6482E-005,   2.7192E-004,   6.5000E-008,  
870.172,   1.6050E-006,   1.6375E-005,   2.7429E-004,   1.1500E-008,  
876.157,   1.5420E-006,   1.6484E-005,   2.5667E-004,   2.0500E-008,  
882.157,   1.4810E-006,   1.6501E-005,   2.7752E-004,   3.1500E-008,  
888.157,   1.4445E-006,   1.6339E-005,   2.7191E-004,   2.4500E-008,  
894.172,   1.4970E-006,   1.6198E-005,   2.7234E-004,   3.8000E-008,  
900.157,   1.5885E-006,   1.6275E-005,   2.8538E-004,  -5.2500E-008,  
906.157,   1.5020E-006,   1.6298E-005,   2.6020E-004,   3.4500E-008,  
912.141,   1.5295E-006,   1.6428E-005,   2.8446E-004,  -1.3500E-008,  
918.172,   1.4845E-006,   1.6084E-005,   2.5245E-004,   2.8000E-008,  
924.172,   1.5440E-006,   1.6529E-005,   2.8600E-004,   4.9000E-008,  
930.157,   1.4445E-006,   1.6189E-005,   2.6878E-004,  -5.0000E-010,  
936.157,   1.3830E-006,   1.6591E-005,   2.7183E-004,   1.8000E-008,  
942.157,   1.4530E-006,   1.6444E-005,   2.6957E-004,   3.7000E-008,  
948.172,   1.4935E-006,   1.6426E-005,   2.5751E-004,   2.7000E-008,  
954.157,   1.4720E-006,   1.6420E-005,   3.1909E-004,  -8.0000E-009,  
960.157,   1.5220E-006,   1.6071E-005,   2.5244E-004,  -2.3000E-008,  
966.157,   1.4720E-006,   1.6118E-005,   2.8598E-004,   2.2500E-008,  
972.157,   1.4580E-006,   1.6106E-005,   2.6100E-004,   1.9500E-008,  
978.172,   1.4635E-006,   1.6176E-005,   3.0182E-004,  -2.1500E-008,  
984.157,   1.4425E-006,   1.6224E-005,   2.6171E-004,  -2.2500E-008,  
990.172,   1.3325E-006,   1.6045E-005,   2.7947E-004,  -1.2000E-008,  
996.157,   1.4225E-006,   1.5998E-005,   2.7879E-004,  -4.0000E-008,  
1002.157,   1.3975E-006,   1.6150E-005,   2.8691E-004,   1.3000E-008,  
1008.141,   1.4250E-006,   1.6109E-005,   2.6640E-004,   1.0000E-008,  
1014.172,   1.4470E-006,   1.6098E-005,   2.7234E-004,  -2.2000E-008,  
1020.188,   1.4335E-006,   1.6287E-005,   2.7518E-004,  -1.8000E-008,  
1026.172,   1.4325E-006,   1.6085E-005,   2.5961E-004,   2.9000E-008,  
1032.188,   1.4115E-006,   1.6268E-005,   2.7011E-004,   1.4000E-008,  
1038.188,   1.3745E-006,   1.6200E-005,   2.6315E-004,  -1.5000E-009,  
1044.172,   1.4215E-006,   1.6084E-005,   2.7281E-004,  -1.5100E-007,  
1050.188,   1.4040E-006,   1.6260E-005,   2.5580E-004,  -5.0000E-009,  
1056.172,   1.4420E-006,   1.6034E-005,   2.6062E-004,  -4.9000E-008,  
1062.188,   1.4740E-006,   1.5877E-005,   2.7328E-004,  -9.0000E-008,  
1068.172,   1.4060E-006,   1.6061E-005,   2.8564E-004,   1.0000E-009,  
1074.172,   1.3840E-006,   1.6132E-005,   2.5061E-004,  -5.4000E-008,  
1080.188,   1.3990E-006,   1.6061E-005,   2.9216E-004,   4.8500E-008,  
1086.188,   1.3975E-006,   1.6117E-005,   2.5674E-004,  -3.8000E-008,  
1092.188,   1.4045E-006,   1.5982E-005,   2.8060E-004,   4.1500E-008,  
1098.188,   1.3955E-006,   1.5976E-005,   2.7162E-004,  -4.3000E-008,  
1104.204,   1.3705E-006,   1.5947E-005,   2.5755E-004,   4.7000E-008,  
1110.204,   1.4460E-006,   1.5999E-005,   2.7245E-004,  -2.3000E-008,  
1116.204,   1.4415E-006,   1.5867E-005,   2.8242E-004,  -3.6000E-008,  
1122.219,   1.4585E-006,   1.5792E-005,   3.2032E-004,  -1.3500E-008,  
1128.235,   1.3785E-006,   1.5917E-005,   2.5435E-004,  -2.5500E-008,  
1134.219,   1.4485E-006,   1.5725E-005,   2.7593E-004,  -2.8000E-008,  
1140.235,   1.4410E-006,   1.5799E-005,   2.6324E-004,  -4.0500E-008,  
1146.219,   1.2935E-006,   1.5796E-005,   2.5931E-004,  -4.0000E-008,  
1152.219,   1.3430E-006,   1.5880E-005,   2.7140E-004,  -2.9000E-008,  
1158.219,   1.3840E-006,   1.5820E-005,   2.6087E-004,  -8.8500E-008,  
1164.219,   1.3815E-006,   1.5666E-005,   2.7000E-004,   6.5000E-009,  
1170.235,   1.4790E-006,   1.5797E-005,   2.5984E-004,  -1.4500E-008,  
1176.219,   1.3855E-006,   1.5757E-005,   2.6457E-004,  -1.1000E-008,  
1182.219,   1.3575E-006,   1.5999E-005,   2.6574E-004,   2.2000E-008,  
1188.219,   1.3940E-006,   1.9203E-005,   2.7603E-004,  -2.7000E-008,  
1194.219,   1.3415E-006,   2.0335E-005,   2.5281E-004,   3.7500E-008,  
1200.235,   1.4100E-006,   1.8573E-005,   2.7057E-004,  -1.0500E-008,  
1206.219,   1.4350E-006,   1.7838E-005,   2.6036E-004,   2.0000E-009,  
1212.219,   1.4055E-006,   1.7545E-005,   2.3496E-004,  -4.0000E-009,  
1218.282,   1.4180E-006,   1.7377E-005,   2.3654E-004,   2.4000E-008,  
1224.250,   1.4395E-006,   1.7178E-005,   2.2855E-004,   1.3500E-008,  
1230.250,   1.3770E-006,   1.7058E-005,   2.3202E-004,   2.4000E-008,  
1236.266,   1.3510E-006,   1.6846E-005,   2.4304E-004,   4.5000E-009,  
1242.266,   1.4000E-006,   1.6623E-005,   2.1231E-004,  -4.2000E-008,  
1248.250,   1.3320E-006,   1.6494E-005,   2.0153E-004,   1.3000E-008,  
1254.250,   1.3565E-006,   1.6569E-005,   2.2517E-004,  -2.8500E-008,  
1260.266,   1.3535E-006,   1.6663E-005,   2.0859E-004,  -1.0000E-008,  
1266.266,   1.3520E-006,   1.6664E-005,   1.9778E-004,   2.4500E-008,  
1272.266,   1.3975E-006,   1.6645E-005,   2.1577E-004,   2.2000E-008,  
1278.266,   1.3245E-006,   1.6398E-005,   1.9909E-004,  -1.9000E-008,  
1284.250,   1.3830E-006,   1.6378E-005,   2.0094E-004,  -8.0000E-009,  
1290.266,   1.2975E-006,   1.6006E-005,   1.9427E-004,  -3.0000E-008,  
1296.250,   1.3320E-006,   1.6380E-005,   1.9508E-004,  -6.7500E-008,  
1302.250,   1.2680E-006,   1.6090E-005,   2.1822E-004,  -3.4500E-008,  
1308.250,   1.2880E-006,   1.6216E-005,   1.9404E-004,  -3.0000E-008,  
1314.266,   1.2970E-006,   1.6249E-005,   1.9443E-004,  -3.3500E-008,  
1320.266,   1.3110E-006,   1.6211E-005,   2.0849E-004,  -3.6500E-008,  
1326.250,   1.3255E-006,   1.6204E-005,   1.9155E-004,   2.9500E-008,  
1332.250,   1.3620E-006,   1.6056E-005,   2.0290E-004,  -6.3000E-008,  
1338.235,   1.3485E-006,   1.6058E-005,   1.9082E-004,  -3.1000E-008,  
1344.250,   1.3250E-006,   1.5924E-005,   2.1124E-004,  -4.8500E-008,  
1350.250,   1.3150E-006,   1.6243E-005,   2.3868E-004,  -2.6000E-008,  
1356.250,   1.3890E-006,   1.6117E-005,   1.9646E-004,  -5.0000E-010,  
1362.266,   1.3285E-006,   1.6055E-005,   2.2892E-004,   1.0500E-008,  
1368.266,   1.4145E-006,   1.6070E-005,   1.9821E-004,   3.0000E-009,  
1374.250,   1.3645E-006,   1.6215E-005,   1.9390E-004,  -5.0000E-010,  
1380.250,   1.3290E-006,   1.6263E-005,   2.1603E-004,  -3.8500E-008,  
1386.266,   1.4210E-006,   1.6063E-005,   1.9818E-004,  -5.3000E-008,  
1392.266,   1.3490E-006,   1.6226E-005,   2.0671E-004,  -2.0000E-009,  
1398.266,   1.3975E-006,   1.6030E-005,   1.9021E-004,  -1.6500E-008,  
1404.282,   1.3775E-006,   1.6027E-005,   2.0199E-004,   4.5500E-008,  
1410.282,   1.3305E-006,   1.6010E-005,   1.9741E-004,   1.5000E-009,  
1416.266,   1.3910E-006,   1.5966E-005,   1.9867E-004,   3.0500E-008,  
1422.282,   1.3015E-006,   1.5840E-005,   1.9418E-004,   5.2500E-008,  
1428.266,   1.4445E-006,   1.6194E-005,   2.1551E-004,   4.7000E-008,  
1434.282,   1.4510E-006,   1.6222E-005,   2.1023E-004,   4.4500E-008,  
1440.282,   1.4025E-006,   1.6220E-005,   2.1459E-004,  -2.0000E-008,  
1446.282,   1.3745E-006,   1.5884E-005,   2.1435E-004,   2.8500E-008,  
1452.297,   1.4155E-006,   1.6006E-005,   1.9378E-004,  -1.9500E-008,  
1458.282,   1.2995E-006,   1.6220E-005,   2.0029E-004,   2.5000E-008,  
1464.282,   1.4605E-006,   1.5959E-005,   2.3960E-004,   3.9500E-008,  
1470.282,   1.3380E-006,   1.6225E-005,   1.9111E-004,   5.2000E-008,  
1476.282,   1.4285E-006,   1.6147E-005,   2.1424E-004,   2.4000E-008,  
1482.282,   1.4340E-006,   1.6212E-005,   1.9838E-004,   6.0000E-009,  
1488.266,   1.4055E-006,   1.6134E-005,   2.1269E-004,   3.6000E-008,  
1494.297,   1.3550E-006,   1.6164E-005,   1.9429E-004,   4.3500E-008,  
1500.282,   1.3745E-006,   1.6001E-005,   1.9277E-004,   1.8500E-008,  
1506.266,   1.3490E-006,   1.5980E-005,   2.3604E-004,  -2.7500E-008,  
1512.282,   1.3935E-006,   1.5986E-005,   1.8398E-004,   4.6000E-008,  
1518.297,   1.3725E-006,   1.5862E-005,   1.8440E-004,   4.6500E-008,  
1524.329,   1.4725E-006,   1.5827E-005,   1.9873E-004,  -3.5000E-008,  
1530.313,   1.3200E-006,   1.6296E-005,   2.3097E-004,   1.1500E-008,  
1536.329,   1.4125E-006,   1.6053E-005,   1.9000E-004,  -6.5000E-009,  
1542.313,   1.3750E-006,   1.5861E-005,   2.2034E-004,   3.0500E-008,  
1548.313,   1.2875E-006,   1.5942E-005,   1.8528E-004,   3.6500E-008,  
1554.344,   1.3945E-006,   1.5955E-005,   2.1841E-004,   4.4500E-008,  
1560.297,   1.4345E-006,   1.5943E-005,   1.7888E-004,   6.5000E-008,  
1566.329,   1.3815E-006,   1.6076E-005,   1.9623E-004,   2.0000E-008,  
1572.329,   1.4275E-006,   1.6076E-005,   1.8996E-004,   2.9500E-008,  
1578.313,   1.3850E-006,   1.6049E-005,   2.0147E-004,   0.0000E+000,  
1584.329,   1.4625E-006,   1.6134E-005,   1.9644E-004,   5.0500E-008,  
1590.313,   1.3385E-006,   1.5737E-005,   2.0226E-004,   1.6000E-008,  
1596.313,   1.3605E-006,   1.5839E-005,   1.9169E-004,   2.0500E-008,  
1602.313,   1.3760E-006,   1.6042E-005,   2.0604E-004,   8.5000E-009,  
1608.297,   1.3670E-006,   1.5863E-005,   2.0637E-004,   2.9500E-008,  
1614.313,   1.3440E-006,   1.5756E-005,   2.0800E-004,   1.0000E-008,  
1620.313,   1.4045E-006,   1.5910E-005,   1.9448E-004,   9.4000E-008,  
1626.313,   1.3930E-006,   1.5884E-005,   2.3005E-004,   4.1500E-008,  
1632.313,   1.4360E-006,   1.5955E-005,   1.9524E-004,  -7.5000E-009,  
1638.329,   1.4170E-006,   1.5921E-005,   2.0988E-004,   2.3500E-008,  
1644.329,   1.4510E-006,   1.5758E-005,   1.9099E-004,   5.5000E-008,  
1650.329,   1.4410E-006,   1.6012E-005,   2.0412E-004,   2.8500E-008,  
1656.313,   1.3740E-006,   1.5682E-005,   2.2188E-004,   8.7500E-008,  
1662.313,   1.4090E-006,   1.5830E-005,   1.9863E-004,   3.5500E-008,  
1668.329,   1.3580E-006,   1.5577E-005,   1.9714E-004,   2.7000E-008,  
1674.313,   1.4125E-006,   1.5913E-005,   2.0361E-004,   2.4000E-008,  
1680.297,   1.4520E-006,   1.5866E-005,   1.8743E-004,  -1.0500E-008,  
1686.313,   1.5000E-006,   1.5916E-005,   2.3932E-004,  -2.4500E-008,  
1692.329,   1.3155E-006,   1.5737E-005,   1.8574E-004,   4.4500E-008,  
1698.329,   1.3885E-006,   1.6058E-005,   2.1978E-004,   1.9500E-008,  
1704.313,   1.3225E-006,   1.5710E-005,   1.9885E-004,   6.1000E-008,  
1710.297,   1.3760E-006,   1.5794E-005,   2.0059E-004,   7.0000E-009,  
1716.313,   1.3795E-006,   1.5827E-005,   2.0364E-004,   5.6500E-008,  
1722.313,   1.4080E-006,   1.5805E-005,   2.3661E-004,   6.8500E-008,  
1728.313,   1.3800E-006,   1.5927E-005,   1.8867E-004,   3.0000E-009,  
1734.313,   1.3775E-006,   1.6084E-005,   2.0470E-004,   3.4500E-008,  
1740.329,   1.3735E-006,   1.5853E-005,   2.1521E-004,  -4.7000E-008,  
1746.329,   1.3535E-006,   1.5622E-005,   2.0635E-004,   7.0500E-008,  
1752.329,   1.3890E-006,   1.5657E-005,   2.0659E-004,   4.1500E-008,  
1758.313,   1.3765E-006,   1.5602E-005,   1.9856E-004,   2.4000E-008,  
1764.313,   1.4025E-006,   1.5978E-005,   2.0660E-004,  -9.0000E-009,  
1770.313,   1.4020E-006,   1.5778E-005,   1.9314E-004,   1.0150E-007,  
1776.329,   1.4190E-006,   1.5798E-005,   2.1297E-004,   3.9500E-008,  
1782.313,   1.4055E-006,   1.5707E-005,   2.1366E-004,   1.5000E-008,  
1788.329,   1.3970E-006,   1.5892E-005,   1.9372E-004,   1.1150E-007,  
1794.313,   1.3795E-006,   1.5786E-005,   1.9700E-004,  -9.5000E-009,  
1800.313,   1.4170E-006,   1.6058E-005,   2.0763E-004,   2.4500E-008,  
1806.297,   1.4135E-006,   1.5989E-005,   2.0617E-004,   6.7500E-008,  
1812.329,   1.3560E-006,   1.6079E-005,   2.0906E-004,   1.2050E-007,  
1818.313,   1.3350E-006,   1.5894E-005,   2.2064E-004,   1.9500E-008,  
1824.313,   1.5045E-006,   1.5864E-005,   1.9702E-004,   1.0700E-007,  
1830.313,   1.4455E-006,   1.5823E-005,   2.2417E-004,   3.4000E-008,  
1836.313,   1.4470E-006,   1.5820E-005,   2.0510E-004,   2.5500E-008,  
1842.313,   1.3760E-006,   1.5907E-005,   1.9026E-004,   7.9000E-008,  
1848.313,   1.4265E-006,   1.5737E-005,   2.1592E-004,   4.6000E-008,  
1854.329,   1.3665E-006,   1.5531E-005,   2.1396E-004,  -2.0000E-008,  
1860.297,   1.3840E-006,   1.5854E-005,   2.0308E-004,   6.2000E-008,  
1866.313,   1.4070E-006,   1.5611E-005,   2.0451E-004,   5.7500E-008,  
1872.313,   1.3685E-006,   1.5638E-005,   1.9160E-004,   8.5000E-009,  
1878.329,   1.4725E-006,   1.5509E-005,   2.0525E-004,   3.4000E-008,  
1884.313,   1.3765E-006,   1.5642E-005,   2.0518E-004,   6.5500E-008,  
1890.313,   1.4340E-006,   1.5559E-005,   2.1273E-004,  -1.3500E-008,  
1896.313,   1.3865E-006,   1.5577E-005,   2.1734E-004,   3.7000E-008,  
1902.329,   1.3630E-006,   1.5711E-005,   1.9759E-004,  -3.1500E-008,  
1908.313,   1.4545E-006,   1.5598E-005,   2.1813E-004,   1.9500E-008,  
1914.313,   1.3895E-006,   1.5629E-005,   1.9310E-004,   8.0000E-009,  
1920.313,   1.4080E-006,   1.5393E-005,   2.1283E-004,   7.0000E-009,  
1926.329,   1.3445E-006,   1.5049E-005,   2.0472E-004,   1.1000E-008,  
1932.329,   1.4090E-006,   1.4995E-005,   2.1195E-004,   1.8000E-008,  
1938.313,   1.3935E-006,   1.4806E-005,   2.4816E-004,   2.5000E-009,  
1944.313,   1.3980E-006,   1.5066E-005,   1.9748E-004,   1.2000E-008,  
1950.313,   1.3895E-006,   1.5079E-005,   2.1292E-004,  -1.6000E-008,  
1956.313,   1.3505E-006,   1.5179E-005,   2.0562E-004,   9.3000E-008,  
1962.313,   1.4515E-006,   1.4967E-005,   1.9561E-004,   2.1000E-008,  
1968.329,   1.3845E-006,   1.5092E-005,   2.2845E-004,   1.2500E-008,  
1974.329,   1.4430E-006,   1.4922E-005,   2.2509E-004,   5.0000E-008,  
1980.344,   1.4820E-006,   1.5039E-005,   2.1679E-004,  -3.5000E-009,  
1986.329,   1.3850E-006,   1.4981E-005,   2.2031E-004,   3.7000E-008,  
1992.313,   1.4555E-006,   1.5095E-005,   2.1226E-004,  -1.6000E-008,  
1998.329,   1.4250E-006,   1.5058E-005,   2.2861E-004,   2.7000E-008,  
2004.329,   1.3580E-006,   1.5032E-005,   2.2145E-004,  -8.0000E-009,  
2010.313,   1.4010E-006,   1.5135E-005,   2.1450E-004,  -5.5000E-009,  
2016.344,   1.4005E-006,   1.5025E-005,   2.2693E-004,   8.5000E-008,  
2022.313,   1.4370E-006,   1.5057E-005,   2.6970E-004,  -2.9000E-008,  
2028.329,   1.5035E-006,   1.4974E-005,   2.2378E-004,  -1.6000E-008,  
2034.297,   1.4265E-006,   1.5107E-005,   2.6930E-004,   1.3500E-008,  
2040.313,   1.4025E-006,   1.4987E-005,   2.4146E-004,  -5.8000E-008,  
2046.313,   1.4290E-006,   1.4934E-005,   2.3631E-004,  -3.5000E-009,  
2052.313,   1.4600E-006,   1.4938E-005,   2.9578E-004,  -5.4000E-008,  
2058.313,   1.4705E-006,   1.4921E-005,   2.3674E-004,   7.0000E-009,  
2064.313,   1.4120E-006,   1.5130E-005,   2.3449E-004,   3.4000E-008,  
2070.313,   1.4065E-006,   1.4912E-005,   2.6787E-004,  -2.8500E-008,  
2076.313,   1.4125E-006,   1.4906E-005,   2.4298E-004,  -2.5000E-008,  
2082.313,   1.4255E-006,   1.4730E-005,   2.8712E-004,   2.0000E-009,  
2088.329,   1.4595E-006,   1.4963E-005,   2.4917E-004,  -3.2000E-008,  
2094.313,   1.3855E-006,   1.4989E-005,   2.6320E-004,   2.5000E-009,  
2100.313,   1.3920E-006,   1.5177E-005,   2.8429E-004,  -5.0000E-009,  
2106.329,   1.3845E-006,   1.4982E-005,   2.6148E-004,  -1.4000E-008,  
2112.313,   1.4275E-006,   1.4833E-005,   2.7699E-004,   4.9000E-008,  
2118.313,   1.3935E-006,   1.4795E-005,   2.9749E-004,  -4.7000E-008,  
2124.329,   1.3975E-006,   1.4778E-005,   3.0213E-004,  -4.7500E-008,  
2130.313,   1.3945E-006,   1.5010E-005,   3.0462E-004,  -3.2500E-008,  
2136.313,   1.3630E-006,   1.4661E-005,   2.9552E-004,  -5.0000E-008,  
2142.329,   1.3945E-006,   1.4785E-005,   3.0698E-004,  -1.1050E-007,  
2148.313,   1.3590E-006,   1.4626E-005,   2.8398E-004,  -1.0600E-007,  
2154.313,   1.3400E-006,   1.4596E-005,   3.3488E-004,  -3.4000E-008,  
2160.313,   1.3765E-006,   1.4764E-005,   2.9376E-004,  -6.0000E-008,  
2166.313,   1.3625E-006,   1.4568E-005,   3.0601E-004,  -6.4000E-008,  
2172.313,   1.2960E-006,   1.4638E-005,   3.0149E-004,  -9.6000E-008,  
2178.329,   1.3745E-006,   1.4660E-005,   3.2304E-004,  -8.5500E-008,  
2184.313,   1.3085E-006,   1.4923E-005,   3.2452E-004,  -1.0000E-008,  
2190.313,   1.4180E-006,   1.4681E-005,   3.5017E-004,  -8.8500E-008,  
2196.297,   1.3820E-006,   1.4787E-005,   3.0991E-004,  -8.9000E-008,  
2202.344,   1.4060E-006,   1.4866E-005,   3.3848E-004,  -5.3000E-008,  
2208.329,   1.4085E-006,   1.4992E-005,   3.6899E-004,  -1.1300E-007,  
2214.313,   1.3595E-006,   1.4841E-005,   3.2485E-004,  -5.8000E-008,  
2220.313,   1.3450E-006,   1.4813E-005,   3.6756E-004,  -9.1500E-008,  
2226.313,   1.2965E-006,   1.4730E-005,   3.5500E-004,  -5.6000E-008,  
2232.297,   1.4275E-006,   1.4890E-005,   3.5333E-004,   1.2000E-008,  
2238.313,   1.3520E-006,   1.4817E-005,   3.5766E-004,  -6.4500E-008,  
2244.297,   1.3800E-006,   1.4964E-005,   4.0506E-004,  -4.7000E-008,  
2250.329,   1.3970E-006,   1.5016E-005,   3.5154E-004,  -2.1000E-008,  
2256.313,   1.4120E-006,   1.4938E-005,   3.7014E-004,  -4.4000E-008,  
2262.313,   1.3850E-006,   1.5008E-005,   4.1786E-004,  -2.9000E-008,  
2268.329,   1.3715E-006,   1.4794E-005,   3.5921E-004,  -2.2000E-008,  
2274.313,   1.4015E-006,   1.4704E-005,   3.9992E-004,  -3.0000E-009,  
2280.313,   1.3490E-006,   1.4963E-005,   3.8535E-004,  -5.0500E-008,  
2286.313,   1.4020E-006,   1.4884E-005,   3.6182E-004,   3.1000E-008,  
2292.313,   1.4075E-006,   1.4914E-005,   4.1208E-004,  -7.3500E-008,  
2298.313,   1.3735E-006,   1.4945E-005,   3.6405E-004,  -1.0450E-007,  
2304.313,   1.3605E-006,   1.4879E-005,   4.2094E-004,  -3.9000E-008,  
2310.313,   1.3920E-006,   1.4892E-005,   3.6344E-004,   6.0000E-009,  
2316.313,   1.3685E-006,   1.5048E-005,   3.7481E-004,  -8.2000E-008,  
2322.329,   1.4255E-006,   1.4950E-005,   3.8920E-004,  -3.8500E-008,  
2328.329,   1.2800E-006,   1.4959E-005,   3.7591E-004,  -5.1000E-008,  
2334.313,   1.4150E-006,   1.4874E-005,   3.7479E-004,  -7.9000E-008,  
2340.297,   1.3875E-006,   1.4928E-005,   3.9026E-004,   4.4000E-008,  
2346.313,   1.4015E-006,   1.4808E-005,   3.8162E-004,  -1.7500E-008,  
2352.313,   1.4570E-006,   1.4911E-005,   3.9293E-004,  -1.6500E-008,  
2358.329,   1.3485E-006,   1.4940E-005,   3.6950E-004,  -3.6500E-008,  
2364.313,   1.3630E-006,   1.4748E-005,   3.8061E-004,  -8.0500E-008,  
2370.329,   1.3830E-006,   1.4723E-005,   3.9729E-004,  -2.2000E-008,  
2376.313,   1.3720E-006,   1.4734E-005,   3.9904E-004,  -5.9500E-008,  
2382.313,   1.3435E-006,   1.4897E-005,   3.6746E-004,  -6.0500E-008,  
2388.297,   1.3060E-006,   1.4533E-005,   4.1795E-004,  -1.2700E-007,  
2394.313,   1.2915E-006,   1.4786E-005,   3.7457E-004,  -7.6500E-008,  
2400.329,   1.3310E-006,   1.4874E-005,   4.1281E-004,  -1.2000E-007,  
2406.313,   1.3430E-006,   1.4765E-005,   4.1051E-004,  -9.5000E-008,  
2412.329,   1.2740E-006,   1.4730E-005,   3.7121E-004,  -5.8000E-008,  
2418.297,   1.3015E-006,   1.4841E-005,   3.7624E-004,  -1.2900E-007,  
2424.313,   1.3550E-006,   1.4681E-005,   3.8173E-004,  -3.5500E-008,  
2430.313,   1.3040E-006,   1.4885E-005,   3.9123E-004,  -3.7000E-008,  
2436.313,   1.2355E-006,   1.4572E-005,   3.9491E-004,  -7.8000E-008,  
2442.313,   1.2740E-006,   1.4631E-005,   3.8203E-004,  -5.7000E-008,  
2448.313,   1.3935E-006,   1.4681E-005,   3.9480E-004,  -7.5000E-008,  
2454.329,   1.2545E-006,   1.4839E-005,   3.8245E-004,  -3.4000E-008,  
2460.313,   1.3410E-006,   1.4793E-005,   3.8222E-004,   1.9000E-008,  
2466.313,   1.2915E-006,   1.4915E-005,   3.8919E-004,  -1.5000E-009,  
2472.297,   1.2775E-006,   1.4885E-005,   3.9327E-004,  -6.3000E-008,  
2478.329,   1.4020E-006,   1.4975E-005,   3.9369E-004,  -2.7000E-008,  
2484.313,   1.3495E-006,   1.4764E-005,   3.8526E-004,  -7.0500E-008,  
2490.344,   1.4305E-006,   1.4869E-005,   3.7884E-004,  -4.2000E-008,  
2496.313,   1.3075E-006,   1.5036E-005,   3.8568E-004,   2.4000E-008,  
2502.329,   1.4035E-006,   1.4886E-005,   4.3360E-004,  -1.1500E-008,  
2508.329,   1.3550E-006,   1.4755E-005,   3.8068E-004,   2.0000E-009,  
2514.313,   1.3700E-006,   1.5057E-005,   4.0385E-004,   2.3500E-008,  
2520.329,   1.3925E-006,   1.5019E-005,   4.0262E-004,  -1.6000E-008,  
2526.329,   1.3515E-006,   1.4933E-005,   3.8659E-004,  -4.8500E-008,  
2532.313,   1.4100E-006,   1.4947E-005,   3.7670E-004,   4.7500E-008,  
2538.329,   1.3400E-006,   1.4838E-005,   4.0916E-004,   7.8000E-008,  
2544.344,   1.3420E-006,   1.4724E-005,   3.9135E-004,   2.4000E-008,  
2550.313,   1.4230E-006,   1.4805E-005,   3.9261E-004,   6.1500E-008,  
2556.313,   1.3725E-006,   1.5037E-005,   3.9939E-004,  -4.5000E-009,  
2562.313,   1.3825E-006,   1.4821E-005,   4.1118E-004,  -3.9000E-008,  
2568.329,   1.3225E-006,   1.4765E-005,   3.8812E-004,   3.9500E-008,  
2574.329,   1.3695E-006,   1.5120E-005,   4.1049E-004,   3.4500E-008,  
2580.329,   1.3865E-006,   1.4804E-005,   3.8517E-004,   5.9500E-008,  
2586.329,   1.4090E-006,   1.4878E-005,   3.7087E-004,   8.1500E-008,  
2592.329,   1.3690E-006,   1.4974E-005,   4.1184E-004,  -4.7000E-008,  
2598.329,   1.4535E-006,   1.4951E-005,   3.7534E-004,  -1.5000E-008,  
2604.313,   1.3510E-006,   1.4822E-005,   3.9959E-004,  -3.1500E-008,  
2610.329,   1.4155E-006,   1.4752E-005,   3.8152E-004,  -5.0000E-010,  
2616.329,   1.3480E-006,   1.5174E-005,   4.3371E-004,  -5.4000E-008,  
2622.329,   1.3360E-006,   1.4750E-005,   3.7845E-004,  -6.2000E-008,  
2628.313,   1.2650E-006,   1.4714E-005,   3.9197E-004,  -5.3000E-008,  
2634.313,   1.3100E-006,   1.4565E-005,   4.1743E-004,  -4.6000E-008,  
2640.329,   1.2640E-006,   1.4812E-005,   3.7226E-004,  -6.5500E-008,  
2646.329,   1.3160E-006,   1.4617E-005,   4.3247E-004,  -1.8500E-008,  
2652.313,   1.2965E-006,   1.4545E-005,   3.8281E-004,  -4.7500E-008,  
2658.313,   1.2580E-006,   1.4577E-005,   4.1035E-004,  -6.6500E-008,  
2664.313,   1.3015E-006,   1.4749E-005,   3.7733E-004,  -6.8500E-008,  
2670.329,   1.2740E-006,   1.4768E-005,   4.1051E-004,  -8.7500E-008,  
2676.313,   1.3715E-006,   1.4602E-005,   3.9267E-004,  -7.6000E-008,  
2682.329,   1.3265E-006,   1.4747E-005,   4.1525E-004,  -3.2500E-008,  
2688.313,   1.2415E-006,   1.4718E-005,   3.8231E-004,  -2.3500E-008,  
2694.329,   1.2580E-006,   1.4819E-005,   3.9123E-004,  -4.9000E-008,  
2700.313,   1.2580E-006,   1.4805E-005,   4.1747E-004,  -4.4500E-008,  
2706.329,   1.3355E-006,   1.4720E-005,   3.8820E-004,  -9.0500E-008,  
2712.329,   1.3165E-006,   1.4663E-005,   3.8836E-004,  -1.4650E-007,  
2718.313,   1.3170E-006,   1.4595E-005,   4.0485E-004,  -8.2000E-008,  
2724.313,   1.2310E-006,   1.4719E-005,   4.0853E-004,  -1.8000E-008,  
2730.329,   1.2425E-006,   1.4691E-005,   3.9206E-004,  -8.1000E-008,  
2736.313,   1.2320E-006,   1.4676E-005,   4.3514E-004,   6.0000E-009,  
2742.313,   1.2045E-006,   1.4646E-005,   3.7257E-004,   3.5000E-009,  
2748.329,   1.1990E-006,   1.4568E-005,   3.9545E-004,  -1.0100E-007,  
2754.313,   1.3000E-006,   1.4588E-005,   3.8491E-004,  -4.6500E-008,  
2760.313,   1.3495E-006,   1.4496E-005,   3.9769E-004,  -9.4000E-008,  
2766.313,   1.2820E-006,   1.4611E-005,   4.1612E-004,  -5.0000E-008,  
2772.313,   1.2025E-006,   1.4687E-005,   3.9510E-004,  -7.9500E-008,  
2778.329,   1.2985E-006,   1.4671E-005,   3.7288E-004,   7.0000E-009,  
2784.313,   1.2730E-006,   1.4577E-005,   4.2033E-004,  -2.3500E-008,  
2790.313,   1.2670E-006,   1.4624E-005,   3.9030E-004,  -9.4000E-008,  
2796.313,   1.2195E-006,   1.4568E-005,   3.8734E-004,  -5.2000E-008,  
2802.313,   1.2125E-006,   1.4588E-005,   3.8253E-004,  -9.5000E-008,  
2808.313,   1.3170E-006,   1.4794E-005,   3.9651E-004,  -2.1500E-008,  
2814.313,   1.2675E-006,   1.4648E-005,   4.0405E-004,  -4.5000E-009,  
2820.313,   1.2800E-006,   1.4450E-005,   4.0997E-004,  -7.2500E-008,  
2826.329,   1.2750E-006,   1.4677E-005,   3.8848E-004,  -3.0000E-008,  
2832.329,   1.3005E-006,   1.4477E-005,   3.9584E-004,  -1.3500E-008,  
2838.313,   1.2940E-006,   1.4779E-005,   4.1285E-004,   4.5000E-009,  
2844.329,   1.3400E-006,   1.4703E-005,   3.9178E-004,  -8.3000E-008,  
2850.313,   1.3265E-006,   1.4670E-005,   3.9605E-004,  -6.3500E-008,  
2856.313,   1.3315E-006,   1.4712E-005,   3.8993E-004,  -1.8500E-008,  
2862.297,   1.3935E-006,   1.4487E-005,   3.9587E-004,  -4.3000E-008,  
2868.329,   1.2720E-006,   1.4672E-005,   4.0766E-004,   1.1500E-008,  
2874.313,   1.2875E-006,   1.4541E-005,   3.9800E-004,  -2.1000E-008,  
2880.329,   1.3585E-006,   1.4543E-005,   4.2055E-004,   2.0500E-008,  
2886.313,   1.3735E-006,   1.4578E-005,   3.8902E-004,  -2.3500E-008,  
2892.313,   1.2925E-006,   1.4504E-005,   4.1500E-004,   2.5000E-008,  
2898.329,   1.2755E-006,   1.4468E-005,   3.7472E-004,  -2.6500E-008,  
2904.329,   1.3050E-006,   1.4443E-005,   3.7450E-004,   1.1000E-008,  
2910.313,   1.3590E-006,   1.4643E-005,   4.2963E-004,  -2.0500E-008,  
2916.313,   1.3190E-006,   1.4428E-005,   3.7865E-004,  -1.5500E-008,  
2922.313,   1.2730E-006,   1.4626E-005,   3.8107E-004,  -6.5000E-008,  
2928.313,   1.2955E-006,   1.4494E-005,   4.1098E-004,  -6.4000E-008,  
2934.313,   1.2820E-006,   1.4613E-005,   3.7307E-004,   5.4000E-008,  
2940.313,   1.3055E-006,   1.4569E-005,   4.0352E-004,  -3.7500E-008,  
2946.329,   1.2880E-006,   1.4495E-005,   3.8127E-004,  -7.0500E-008,  
2952.329,   1.3230E-006,   1.4376E-005,   4.1090E-004,  -7.4000E-008,  
2958.313,   1.2460E-006,   1.4384E-005,   4.0708E-004,   3.7500E-008,  
2964.313,   1.2700E-006,   1.4452E-005,   3.8226E-004,  -1.2000E-008,  
2970.313,   1.2775E-006,   1.4388E-005,   4.0471E-004,  -4.9500E-008,  
2976.329,   1.2675E-006,   1.4619E-005,   4.0667E-004,  -2.0000E-009,  
2982.313,   1.2905E-006,   1.4490E-005,   3.7348E-004,  -7.4500E-008,  
2988.329,   1.2450E-006,   1.4459E-005,   4.2645E-004,  -6.2500E-008,  
2994.313,   1.3425E-006,   1.4452E-005,   3.8883E-004,  -2.0000E-009,  
3000.313,   1.2575E-006,   1.4207E-005,   4.0663E-004,   2.3000E-008,  
3006.329,   1.2285E-006,   1.4580E-005,   3.8531E-004,  -2.2500E-008,  
3012.313,   1.2585E-006,   1.4140E-005,   3.9107E-004,  -8.1000E-008,  
3018.329,   1.2180E-006,   1.4196E-005,   3.9730E-004,  -6.5000E-008,  
3024.329,   1.2510E-006,   1.4504E-005,   4.0495E-004,  -8.7000E-008,  
3030.329,   1.2060E-006,   1.4334E-005,   3.9032E-004,  -3.0500E-008,  
3036.329,   1.2380E-006,   1.4490E-005,   4.2591E-004,  -7.5000E-008,  
3042.313,   1.2550E-006,   1.4437E-005,   3.8104E-004,  -6.0500E-008,  
3048.329,   1.2215E-006,   1.4437E-005,   3.8904E-004,   1.0045E-006,  
3054.329,   1.3435E-006,   1.4433E-005,   3.9546E-004,  -1.6000E-008,  
3060.344,   1.3125E-006,   1.4320E-005,   4.0745E-004,  -5.6500E-008,  
3066.329,   1.2310E-006,   1.4501E-005,   3.8602E-004,  -7.7500E-008,  
3072.329,   1.2830E-006,   1.4297E-005,   4.2272E-004,  -4.0500E-008,  
3078.344,   1.2305E-006,   1.4378E-005,   4.1497E-004,  -5.1000E-008,  
3084.329,   1.2695E-006,   1.4446E-005,   3.8430E-004,  -5.6500E-008,  
3090.360,   1.2565E-006,   1.4438E-005,   4.2773E-004,  -5.0500E-008,  
3096.329,   1.2735E-006,   1.4630E-005,   3.7130E-004,  -1.8000E-008,  
3102.329,   1.1930E-006,   1.4342E-005,   3.9251E-004,  -8.4000E-008,  
3108.329,   1.2335E-006,   1.4460E-005,   3.9594E-004,  -8.1000E-008,  
3114.344,   1.3035E-006,   1.4423E-005,   3.8000E-004,   2.4000E-008,  
3120.329,   1.2405E-006,   1.4527E-005,   4.1914E-004,  -6.6000E-008,  
3126.329,   1.2415E-006,   1.4560E-005,   3.9041E-004,  -3.9000E-008,  
3132.329,   1.2045E-006,   1.4300E-005,   4.1758E-004,  -6.4000E-008,  
3138.329,   1.2840E-006,   1.4481E-005,   3.7308E-004,  -7.4000E-008,  
3144.360,   1.2870E-006,   1.4312E-005,   3.9748E-004,  -3.3500E-008,  
3150.344,   1.2965E-006,   1.4358E-005,   3.9612E-004,  -2.7500E-008,  
3156.329,   1.2790E-006,   1.4317E-005,   3.7165E-004,  -2.0000E-009,  
3162.329,   1.2585E-006,   1.4374E-005,   4.2300E-004,  -5.0000E-009,  
3168.344,   1.2390E-006,   1.4503E-005,   3.9121E-004,  -2.9500E-008,  
3174.344,   1.3335E-006,   1.4243E-005,   4.1757E-004,  -3.8500E-008,  
3180.313,   1.2105E-006,   1.4423E-005,   4.1226E-004,  -1.8500E-008,  
3186.329,   1.1815E-006,   1.4817E-005,   3.4444E-004,  -8.1000E-008,  
3192.344,   1.1820E-006,   1.8206E-005,   4.0831E-004,  -9.3000E-008,  
3198.329,   1.1850E-006,   2.0555E-005,   3.4065E-004,  -4.1000E-008,  
3204.329,   1.1125E-006,   1.7675E-005,   3.5421E-004,  -2.1500E-008,  
3210.344,   1.1415E-006,   1.6739E-005,   3.4145E-004,  -1.9000E-008,  
3216.329,   1.1745E-006,   1.6404E-005,   3.1736E-004,  -6.5000E-008,  
3222.360,   1.1640E-006,   1.5783E-005,   2.9352E-004,  -5.8000E-008,  
3228.344,   1.1090E-006,   1.5825E-005,   2.8844E-004,  -2.4500E-008,  
