Nov 18, 2022  03:09:48 PM
Residual Gas Analyzer Software 
RGA Software Version, 3.214.004

Pressure vs Time Scan Setup:

Active channels in Scan, 5 
Units, Torr
Sample Period, 1.00, sec
Focus Voltage, 90, Volts 
Ion Energy, HIGH 
Electron Energy, 70, eV 
CEM Voltage, 1000, Volts
CEM Gain, 1.00E+006 
Sensitivity Factor, 2.00E-007 
Filament Current, 1.00, mAmps
Start time, Nov 18, 2022  03:09:48 PM 
Channel,  Mass(amu),     Name,                 Cal Factor,  Noise Floor, CEM Status

1         28.00          Nitrogen              1.00         1            OFF
2         18.00          Water                 1.00         1            OFF
3         2.00           Hydrogen              1.00         1            OFF
4         32.00          Oxygen                1.00         1            OFF
5         4.00           Helium                1.00         1            OFF


Time(s),Nitrogen,Water,Hydrogen,Oxygen,Helium,

0.000,   4.1610E-006,   3.7505E-006,   4.5072E-004,  -3.2200E-007,   2.9435E-006,  
6.984,   4.1340E-006,   3.7345E-006,   4.8911E-004,  -3.1900E-007,   2.9785E-006,  
14.015,   4.0635E-006,   3.7685E-006,   4.6880E-004,  -3.5050E-007,   2.8670E-006,  
21.031,   3.9830E-006,   3.7085E-006,   5.0308E-004,  -2.9500E-007,   2.9240E-006,  
28.015,   3.8920E-006,   3.7195E-006,   4.3048E-004,  -2.8150E-007,   2.8765E-006,  
35.015,   3.7975E-006,   3.6665E-006,   4.6608E-004,  -3.1100E-007,   2.8670E-006,  
42.015,   3.8110E-006,   3.7910E-006,   5.7305E-004,  -2.8100E-007,   2.0820E-006,  
49.031,   3.6700E-006,   4.3420E-006,   4.7270E-004,  -2.5400E-007,   8.5600E-007,  
56.031,   3.7020E-006,   3.9730E-006,   4.3137E-004,  -3.3300E-007,  -2.2000E-008,  
63.015,   3.6280E-006,   3.9155E-006,   4.9417E-004,  -1.7800E-007,  -2.9500E-007,  
70.015,   3.5520E-006,   3.8455E-006,   4.9076E-004,  -2.3050E-007,  -3.9300E-007,  
77.015,   3.5430E-006,   3.8485E-006,   4.4142E-004,  -3.4000E-007,  -3.3500E-007,  
84.015,   3.2875E-006,   3.7570E-006,   5.2943E-004,  -3.2050E-007,  -4.6250E-007,  
91.015,   3.3885E-006,   3.8675E-006,   4.4277E-004,  -2.6450E-007,  -4.2950E-007,  
98.015,   3.4015E-006,   3.7390E-006,   4.8541E-004,  -3.0150E-007,  -4.3400E-007,  
105.031,   3.2850E-006,   3.7095E-006,   4.4240E-004,  -2.3950E-007,  -4.1100E-007,  
112.000,   3.3520E-006,   3.7170E-006,   4.8296E-004,  -2.7400E-007,  -3.6350E-007,  
119.031,   3.2180E-006,   3.6460E-006,   4.1918E-004,  -2.4600E-007,  -3.9450E-007,  
126.047,   3.2670E-006,   3.6500E-006,   4.7044E-004,  -2.5850E-007,  -3.6750E-007,  
133.015,   3.1170E-006,   3.7760E-006,   4.4872E-004,  -2.9300E-007,  -3.8800E-007,  
140.015,   3.1345E-006,   3.7355E-006,   4.5632E-004,  -2.5250E-007,  -3.9950E-007,  
147.015,   3.1160E-006,   3.7060E-006,   4.3125E-004,  -2.8550E-007,  -3.9100E-007,  
154.015,   3.0915E-006,   3.7200E-006,   4.9038E-004,  -2.6500E-007,  -3.7800E-007,  
161.031,   2.9850E-006,   3.6600E-006,   4.3089E-004,  -2.3150E-007,  -3.9100E-007,  
168.015,   2.8885E-006,   3.7510E-006,   5.0679E-004,  -2.5200E-007,  -3.8200E-007,  
175.015,   2.8975E-006,   3.8340E-006,   4.6389E-004,  -2.2100E-007,  -3.9100E-007,  
182.015,   2.8360E-006,   3.7145E-006,   4.7079E-004,  -2.4850E-007,  -3.6350E-007,  
189.000,   2.8655E-006,   3.7140E-006,   5.1921E-004,  -2.5050E-007,  -3.8850E-007,  
196.015,   2.8085E-006,   3.7875E-006,   4.6199E-004,  -2.5400E-007,  -4.0900E-007,  
203.015,   2.7030E-006,   3.6765E-006,   5.0197E-004,  -2.9100E-007,  -3.3900E-007,  
210.015,   2.7900E-006,   3.6105E-006,   4.6712E-004,  -2.9800E-007,  -3.5350E-007,  
217.031,   2.7155E-006,   3.6630E-006,   4.2500E-004,  -2.8300E-007,  -3.9500E-007,  
224.031,   2.7170E-006,   3.6510E-006,   5.2370E-004,  -1.9900E-007,  -3.4850E-007,  
231.015,   2.6280E-006,   3.6355E-006,   4.5050E-004,  -2.5350E-007,  -3.7950E-007,  
238.031,   2.6135E-006,   3.7045E-006,   4.8658E-004,  -2.2700E-007,  -3.7300E-007,  
245.015,   2.4915E-006,   3.6100E-006,   4.7080E-004,  -2.4700E-007,  -3.6550E-007,  
252.031,   2.6675E-006,   3.5905E-006,   4.9054E-004,  -2.4100E-007,  -3.8700E-007,  
259.015,   2.4860E-006,   3.5880E-006,   4.9684E-004,  -1.7550E-007,  -3.5200E-007,  
266.015,   2.4305E-006,   3.5650E-006,   4.7187E-004,  -2.6550E-007,  -4.0300E-007,  
273.031,   2.4130E-006,   3.5785E-006,   4.3974E-004,  -3.5500E-007,  -4.1250E-007,  
280.000,   2.4140E-006,   3.6110E-006,   4.6020E-004,  -2.2150E-007,  -3.5850E-007,  
287.031,   2.4280E-006,   3.5615E-006,   4.5571E-004,  -2.6300E-007,  -7.5000E-008,  
294.031,   2.3375E-006,   3.4225E-006,   4.4579E-004,  -2.7550E-007,   6.7750E-007,  
301.047,   2.2185E-006,   3.3095E-006,   4.4059E-004,  -3.0150E-007,   1.0340E-006,  
308.031,   2.2885E-006,   3.4720E-006,   4.6458E-004,  -2.6700E-007,   1.1050E-006,  
315.047,   2.3000E-006,   3.3470E-006,   4.2650E-004,  -3.0050E-007,   1.1595E-006,  
322.047,   2.3070E-006,   3.5010E-006,   4.6750E-004,  -2.5800E-007,   1.1385E-006,  
329.062,   2.1390E-006,   3.4735E-006,   4.2736E-004,  -2.4000E-007,   1.2045E-006,  
336.047,   2.2660E-006,   3.4105E-006,   5.0415E-004,  -2.5300E-007,   1.2870E-006,  
343.062,   2.2150E-006,   3.5320E-006,   4.8296E-004,  -2.6350E-007,   1.2045E-006,  
350.062,   2.3335E-006,   3.4295E-006,   4.5706E-004,  -1.7400E-007,   1.2450E-006,  
357.078,   2.1845E-006,   3.5610E-006,   4.4593E-004,  -2.0600E-007,   1.2160E-006,  
364.062,   2.2720E-006,   3.5385E-006,   4.5727E-004,  -3.1550E-007,   1.2235E-006,  
371.062,   2.1410E-006,   3.4360E-006,   4.6219E-004,  -2.2350E-007,   1.2665E-006,  
378.078,   2.1030E-006,   3.5905E-006,   4.8713E-004,  -2.6300E-007,   1.2375E-006,  
385.062,   2.1565E-006,   3.5400E-006,   4.7594E-004,  -1.9800E-007,   1.3525E-006,  
392.062,   2.1895E-006,   3.5650E-006,   4.5841E-004,  -1.9900E-007,   1.1955E-006,  
399.062,   2.1095E-006,   3.5310E-006,   4.4718E-004,  -1.8300E-007,   1.2920E-006,  
406.062,   2.0385E-006,   3.6030E-006,   4.8587E-004,  -2.3300E-007,   1.2905E-006,  
413.062,   2.1560E-006,   3.5975E-006,   4.8021E-004,  -2.2750E-007,   1.2585E-006,  
420.062,   2.0985E-006,   3.2940E-006,   4.1220E-004,  -1.9450E-007,   1.8650E-006,  
427.062,   1.9935E-006,   3.3830E-006,   4.9884E-004,  -2.3750E-007,   2.6005E-006,  
434.062,   1.9240E-006,   3.3840E-006,   4.7627E-004,  -2.6250E-007,   2.9525E-006,  
441.062,   2.0030E-006,   3.3690E-006,   4.7955E-004,  -2.6000E-007,   3.0910E-006,  
448.078,   2.0260E-006,   3.3830E-006,   4.4257E-004,  -2.1300E-007,   3.0320E-006,  
455.062,   1.9120E-006,   3.4505E-006,   4.2918E-004,  -2.7150E-007,   3.1015E-006,  
462.078,   1.9380E-006,   3.4140E-006,   5.1230E-004,  -1.7250E-007,   3.1080E-006,  
469.047,   1.9800E-006,   3.4465E-006,   4.2772E-004,  -2.3450E-007,   3.1145E-006,  
476.078,   1.9295E-006,   3.4875E-006,   4.6469E-004,  -2.0100E-007,   3.0465E-006,  
483.094,   1.9270E-006,   3.4210E-006,   4.2708E-004,  -2.3550E-007,   3.0805E-006,  
490.078,   1.9400E-006,   3.4335E-006,   4.4073E-004,  -2.6050E-007,   3.2055E-006,  
497.078,   1.9095E-006,   3.3905E-006,   4.7072E-004,  -2.3800E-007,   3.1670E-006,  
504.078,   1.8715E-006,   3.4555E-006,   4.4236E-004,  -2.5550E-007,   3.0515E-006,  
511.078,   1.8620E-006,   3.3890E-006,   5.0242E-004,  -2.1450E-007,   3.0820E-006,  
518.078,   1.8485E-006,   3.4195E-006,   4.6592E-004,  -2.4700E-007,   3.0865E-006,  
525.078,   1.8010E-006,   3.3925E-006,   4.7977E-004,  -2.7800E-007,   3.1265E-006,  
532.078,   1.7650E-006,   3.2505E-006,   4.3637E-004,  -2.8100E-007,   2.9315E-006,  
539.094,   1.8105E-006,   3.3805E-006,   4.3068E-004,  -2.4700E-007,   3.0525E-006,  
546.094,   1.7575E-006,   3.3410E-006,   4.8864E-004,  -2.4950E-007,   3.0340E-006,  
553.062,   1.7400E-006,   3.4325E-006,   4.7291E-004,  -2.7050E-007,   3.1630E-006,  
560.078,   1.7360E-006,   3.3035E-006,   4.5001E-004,  -2.4150E-007,   3.1225E-006,  
567.078,   1.6920E-006,   3.3245E-006,   5.2783E-004,  -2.6000E-007,   3.2900E-006,  
574.078,   1.6985E-006,   3.4075E-006,   4.2994E-004,  -2.4650E-007,   4.2270E-006,  
581.062,   1.6755E-006,   3.2275E-006,   5.2214E-004,  -2.5150E-007,   5.7155E-006,  
588.078,   1.6705E-006,   3.3695E-006,   4.5164E-004,  -1.8900E-007,   6.5010E-006,  
595.062,   1.6640E-006,   3.3510E-006,   4.8300E-004,  -3.0300E-007,   6.8755E-006,  
602.078,   1.6710E-006,   3.3780E-006,   4.4607E-004,  -2.2650E-007,   6.8790E-006,  
609.078,   1.6525E-006,   3.2910E-006,   4.7456E-004,  -2.3450E-007,   6.9310E-006,  
616.078,   1.6770E-006,   3.3720E-006,   4.5383E-004,  -2.3550E-007,   7.1185E-006,  
623.078,   1.6150E-006,   3.2470E-006,   4.9185E-004,  -2.4200E-007,   6.9800E-006,  
630.078,   1.5815E-006,   3.2820E-006,   4.6311E-004,  -2.4050E-007,   6.9105E-006,  
637.094,   1.6625E-006,   3.3080E-006,   4.3279E-004,  -2.7600E-007,   6.9840E-006,  
644.078,   1.6290E-006,   3.3275E-006,   4.3243E-004,  -2.8050E-007,   6.9875E-006,  
651.078,   1.5685E-006,   3.3010E-006,   5.1769E-004,  -2.5650E-007,   7.0295E-006,  
658.062,   1.5740E-006,   3.2180E-006,   4.0687E-004,  -2.1950E-007,   7.0835E-006,  
665.078,   1.6010E-006,   3.2450E-006,   4.8159E-004,  -2.2200E-007,   6.9610E-006,  
672.078,   1.5790E-006,   3.3560E-006,   4.7555E-004,  -2.2300E-007,   6.9645E-006,  
679.078,   1.5900E-006,   3.2475E-006,   4.5465E-004,  -2.3700E-007,   6.9605E-006,  
686.078,   1.5320E-006,   3.1875E-006,   4.6196E-004,  -2.6950E-007,   6.9845E-006,  
693.078,   1.5180E-006,   3.2310E-006,   4.2752E-004,  -2.3100E-007,   7.4425E-006,  
700.078,   1.5340E-006,   3.3410E-006,   4.1955E-004,  -2.6050E-007,   8.7705E-006,  
707.078,   1.5435E-006,   3.3190E-006,   5.7765E-004,  -2.6750E-007,   1.0158E-005,  
714.062,   1.5615E-006,   3.2615E-006,   4.2872E-004,  -2.1700E-007,   1.0723E-005,  
721.078,   1.5365E-006,   3.2865E-006,   4.5874E-004,  -2.0250E-007,   1.0939E-005,  
728.078,   1.5200E-006,   3.2020E-006,   5.1381E-004,  -2.1550E-007,   1.0912E-005,  
735.078,   1.6220E-006,   3.3485E-006,   4.5008E-004,  -1.8950E-007,   1.1065E-005,  
742.078,   1.5495E-006,   3.3325E-006,   4.6345E-004,  -2.2450E-007,   1.1275E-005,  
749.078,   1.5450E-006,   3.2865E-006,   4.3820E-004,  -2.2950E-007,   1.0943E-005,  
756.094,   1.5080E-006,   3.1025E-006,   4.3790E-004,  -2.9950E-007,   1.1043E-005,  
763.062,   1.4660E-006,   3.2470E-006,   4.2279E-004,  -2.0350E-007,   1.1209E-005,  
770.078,   1.4285E-006,   3.2995E-006,   5.4055E-004,  -2.6300E-007,   1.1278E-005,  
777.078,   1.4540E-006,   3.2595E-006,   4.2669E-004,  -1.9050E-007,   1.1077E-005,  
784.078,   1.3845E-006,   3.1720E-006,   4.5265E-004,  -2.4350E-007,   1.1156E-005,  
791.078,   1.4425E-006,   3.2870E-006,   5.2146E-004,  -2.6450E-007,   1.1108E-005,  
798.078,   1.5080E-006,   3.2480E-006,   4.2665E-004,  -1.8850E-007,   1.1188E-005,  
805.094,   1.5320E-006,   3.2245E-006,   5.4093E-004,  -2.3700E-007,   1.1115E-005,  
812.078,   1.3910E-006,   3.3090E-006,   4.2585E-004,  -2.0450E-007,   1.1388E-005,  
819.078,   1.4885E-006,   3.2925E-006,   5.2343E-004,  -1.7900E-007,   1.1381E-005,  
826.094,   1.4740E-006,   3.3000E-006,   4.2866E-004,  -1.2650E-007,   1.1563E-005,  
833.078,   1.4940E-006,   3.2870E-006,   4.7299E-004,  -2.0400E-007,   1.2643E-005,  
840.078,   1.5500E-006,   3.3425E-006,   4.5106E-004,  -1.8850E-007,   1.4284E-005,  
847.078,   1.4230E-006,   3.2770E-006,   4.3704E-004,  -1.8850E-007,   1.5006E-005,  
854.078,   1.4420E-006,   3.1750E-006,   4.4083E-004,  -1.7850E-007,   1.5329E-005,  
861.094,   1.4140E-006,   3.3220E-006,   4.2339E-004,  -2.4000E-007,   1.5391E-005,  
868.094,   1.4280E-006,   3.3350E-006,   4.9711E-004,  -2.2400E-007,   1.5607E-005,  
875.078,   1.4610E-006,   3.2970E-006,   4.2849E-004,  -1.7800E-007,   1.5520E-005,  
882.094,   1.5255E-006,   3.2050E-006,   4.4858E-004,  -2.0400E-007,   1.5676E-005,  
889.109,   1.4875E-006,   3.1840E-006,   4.8406E-004,  -2.7550E-007,   1.5637E-005,  
896.094,   1.4285E-006,   3.2665E-006,   4.3711E-004,  -2.2150E-007,   1.5480E-005,  
903.094,   1.4480E-006,   3.2485E-006,   5.1236E-004,  -2.5750E-007,   1.5502E-005,  
910.094,   1.3315E-006,   3.2425E-006,   4.2636E-004,  -2.3850E-007,   1.5275E-005,  
917.078,   1.2820E-006,   3.3115E-006,   4.4821E-004,  -1.9650E-007,   1.5753E-005,  
924.094,   1.4510E-006,   3.2890E-006,   4.3865E-004,  -1.7900E-007,   1.5534E-005,  
931.094,   1.4620E-006,   3.1610E-006,   4.9416E-004,  -1.7750E-007,   1.5486E-005,  
938.094,   1.4170E-006,   3.1495E-006,   4.4581E-004,  -1.7000E-007,   1.5566E-005,  
945.094,   1.3815E-006,   3.1895E-006,   4.4576E-004,  -2.4650E-007,   1.5626E-005,  
952.109,   1.3800E-006,   3.2535E-006,   4.9214E-004,  -2.5350E-007,   1.5490E-005,  
959.094,   1.3675E-006,   3.1685E-006,   4.4493E-004,  -2.4050E-007,   1.5580E-005,  
966.094,   1.3905E-006,   3.2050E-006,   4.7816E-004,  -2.2450E-007,   1.5586E-005,  
973.094,   1.3040E-006,   3.1510E-006,   5.0256E-004,  -2.2150E-007,   1.5568E-005,  
980.094,   1.4185E-006,   3.2875E-006,   4.2896E-004,  -2.3950E-007,   1.5183E-005,  
987.094,   1.4095E-006,   3.2935E-006,   4.6166E-004,  -2.0000E-007,   1.5585E-005,  
994.094,   1.3195E-006,   3.2930E-006,   5.2577E-004,  -2.4450E-007,   1.5538E-005,  
1001.094,   1.3385E-006,   3.3440E-006,   4.2103E-004,  -2.3250E-007,   1.5396E-005,  
1008.109,   1.4670E-006,   3.1470E-006,   4.4925E-004,  -2.3650E-007,   1.5459E-005,  
1015.094,   1.3875E-006,   3.1280E-006,   4.6428E-004,  -2.1400E-007,   1.5616E-005,  
1022.094,   1.2885E-006,   3.1945E-006,   4.5748E-004,  -1.6000E-007,   1.5536E-005,  
1029.094,   1.3375E-006,   3.2125E-006,   4.8753E-004,  -2.0700E-007,   1.5762E-005,  
1036.094,   1.3475E-006,   3.2365E-006,   4.4319E-004,  -2.6150E-007,   1.6737E-005,  
1043.109,   1.2605E-006,   3.1875E-006,   4.3053E-004,  -1.7700E-007,   1.7942E-005,  
1050.078,   1.2905E-006,   3.1595E-006,   4.5015E-004,  -2.1650E-007,   1.8986E-005,  
1057.109,   1.2620E-006,   3.2225E-006,   4.5919E-004,  -2.3200E-007,   1.9419E-005,  
1064.109,   1.2495E-006,   3.1020E-006,   4.2061E-004,  -2.2750E-007,   1.9447E-005,  
1071.078,   1.2775E-006,   3.1120E-006,   4.9874E-004,  -2.1650E-007,   1.9643E-005,  
1078.094,   1.3000E-006,   3.1980E-006,   4.7628E-004,  -1.9800E-007,   1.9666E-005,  
1085.109,   1.3175E-006,   3.2225E-006,   4.2841E-004,  -2.1000E-007,   1.9616E-005,  
1092.094,   1.2750E-006,   3.2670E-006,   5.1191E-004,  -1.7350E-007,   2.0026E-005,  
1099.094,   1.3090E-006,   3.1050E-006,   4.0345E-004,  -2.7150E-007,   1.9681E-005,  
1106.109,   1.2705E-006,   3.1230E-006,   5.2195E-004,  -2.7450E-007,   1.9548E-005,  
1113.078,   1.2795E-006,   3.2095E-006,   4.1492E-004,  -1.6800E-007,   1.9544E-005,  
1120.109,   1.2455E-006,   3.1950E-006,   5.0626E-004,  -2.6100E-007,   1.9447E-005,  
1127.078,   1.2330E-006,   3.0760E-006,   4.3875E-004,  -1.9200E-007,   1.9603E-005,  
1134.094,   1.2290E-006,   3.2000E-006,   4.5689E-004,  -2.5200E-007,   1.9647E-005,  
1141.109,   1.3045E-006,   3.0815E-006,   4.3355E-004,  -2.2850E-007,   1.9502E-005,  
1148.109,   1.2300E-006,   3.0275E-006,   4.4055E-004,  -1.8450E-007,   1.9693E-005,  
1155.094,   1.1920E-006,   3.1170E-006,   4.4227E-004,  -2.4550E-007,   1.9534E-005,  
1162.094,   1.1390E-006,   3.1590E-006,   4.1925E-004,  -2.8300E-007,   1.9786E-005,  
1169.094,   1.2240E-006,   3.0615E-006,   4.4957E-004,  -2.3700E-007,   1.9935E-005,  
1176.094,   1.1915E-006,   3.0080E-006,   4.8751E-004,  -2.1850E-007,   1.9817E-005,  
1183.078,   1.2125E-006,   3.0870E-006,   4.2674E-004,  -2.0050E-007,   1.9647E-005,  
1190.094,   1.1850E-006,   3.1500E-006,   4.4842E-004,  -2.3300E-007,   1.9616E-005,  
1197.109,   1.1790E-006,   3.0430E-006,   5.1491E-004,  -2.0050E-007,   1.9629E-005,  
1204.094,   1.2345E-006,   3.0455E-006,   4.2706E-004,  -2.3000E-007,   1.9758E-005,  
1211.094,   1.2100E-006,   3.1235E-006,   4.2790E-004,  -1.8750E-007,   1.9688E-005,  
1218.094,   1.2235E-006,   3.0985E-006,   4.5891E-004,  -2.4050E-007,   1.9826E-005,  
1225.094,   1.2010E-006,   3.0500E-006,   4.2799E-004,  -1.9550E-007,   1.9842E-005,  
1232.094,   1.1605E-006,   3.1195E-006,   4.3401E-004,  -2.6350E-007,   1.9575E-005,  
1239.078,   1.0945E-006,   2.9970E-006,   4.3931E-004,  -2.4100E-007,   1.9921E-005,  
1246.094,   1.0980E-006,   3.1230E-006,   4.2565E-004,  -2.3750E-007,   1.9971E-005,  
1253.094,   1.1355E-006,   3.2710E-006,   5.0959E-004,  -2.2750E-007,   2.0062E-005,  
1260.094,   1.1420E-006,   3.0655E-006,   4.1322E-004,  -2.3050E-007,   1.9922E-005,  
1267.109,   1.2000E-006,   3.1240E-006,   4.5073E-004,  -2.3750E-007,   2.1159E-005,  
1274.094,   1.1835E-006,   3.1280E-006,   4.6811E-004,  -1.9750E-007,   2.2439E-005,  
1281.109,   1.2585E-006,   3.1090E-006,   4.3024E-004,  -1.7050E-007,   2.3715E-005,  
1288.125,   1.2230E-006,   3.1800E-006,   4.3649E-004,  -1.7500E-007,   2.3811E-005,  
1295.125,   1.2075E-006,   3.1380E-006,   4.3691E-004,  -1.9950E-007,   2.4045E-005,  
1302.109,   1.2115E-006,   3.1025E-006,   4.1600E-004,  -2.1950E-007,   2.4211E-005,  
1309.109,   1.0820E-006,   3.0925E-006,   4.8927E-004,  -2.3300E-007,   2.4229E-005,  
1316.109,   1.2260E-006,   3.1230E-006,   4.3329E-004,  -2.5350E-007,   2.4073E-005,  
1323.109,   1.2145E-006,   3.0200E-006,   4.4310E-004,  -1.5300E-007,   2.4511E-005,  
1330.109,   1.1490E-006,   3.2590E-006,   4.3038E-004,  -1.2750E-007,   2.4185E-005,  
1337.109,   1.2255E-006,   3.1155E-006,   4.1415E-004,  -2.4000E-007,   2.4366E-005,  
1344.109,   1.1905E-006,   3.1055E-006,   4.9919E-004,  -1.5050E-007,   2.4386E-005,  
1351.109,   1.2020E-006,   3.1370E-006,   4.1821E-004,  -1.7000E-007,   2.4186E-005,  
1358.109,   1.2265E-006,   3.0645E-006,   4.8978E-004,  -2.2250E-007,   2.4230E-005,  
1365.094,   1.1385E-006,   3.1085E-006,   4.5318E-004,  -1.6300E-007,   2.4550E-005,  
1372.125,   1.1860E-006,   3.0970E-006,   4.3758E-004,  -1.6700E-007,   2.4723E-005,  
1379.109,   1.2155E-006,   3.2115E-006,   4.3281E-004,  -1.8700E-007,   2.4415E-005,  
1386.109,   1.1665E-006,   3.1080E-006,   4.9810E-004,  -2.4000E-007,   2.4113E-005,  
1393.125,   1.1380E-006,   3.1420E-006,   4.1633E-004,  -2.1850E-007,   2.3888E-005,  
1400.109,   1.0530E-006,   3.0915E-006,   4.9562E-004,  -2.7650E-007,   2.4224E-005,  
1407.094,   1.0975E-006,   3.0885E-006,   4.2142E-004,  -2.3100E-007,   2.4430E-005,  
1414.109,   1.1520E-006,   3.0075E-006,   4.7579E-004,  -2.8600E-007,   2.5173E-005,  
1421.109,   1.0095E-006,   2.9865E-006,   4.5865E-004,  -2.6500E-007,   2.7143E-005,  
1428.109,   1.0305E-006,   2.9970E-006,   4.1858E-004,  -2.2850E-007,   2.7826E-005,  
1435.125,   1.0730E-006,   2.9980E-006,   4.6163E-004,  -2.2500E-007,   2.8224E-005,  
1442.109,   1.0555E-006,   2.9435E-006,   4.5243E-004,  -3.0750E-007,   2.8084E-005,  
1449.125,   1.0180E-006,   2.9560E-006,   4.6083E-004,  -2.6000E-007,   2.8254E-005,  
1456.125,   9.6350E-007,   2.9450E-006,   4.3147E-004,  -2.6700E-007,   2.8146E-005,  
1463.109,   1.0745E-006,   2.9330E-006,   4.7682E-004,  -2.4500E-007,   2.7993E-005,  
1470.109,   1.0085E-006,   2.9695E-006,   4.0879E-004,  -2.3250E-007,   2.8096E-005,  
1477.094,   1.0860E-006,   2.9285E-006,   4.2941E-004,  -2.3900E-007,   2.8306E-005,  
1484.109,   1.0535E-006,   2.9740E-006,   5.0381E-004,  -2.8300E-007,   2.8257E-005,  
1491.109,   1.0245E-006,   2.9975E-006,   4.0162E-004,  -3.2400E-007,   2.7840E-005,  
1498.125,   1.0035E-006,   3.0735E-006,   4.2560E-004,  -2.7850E-007,   2.8411E-005,  
1505.094,   1.1125E-006,   3.0420E-006,   4.7910E-004,  -2.9100E-007,   2.8552E-005,  
1512.109,   1.0895E-006,   2.9645E-006,   4.3771E-004,  -2.4200E-007,   2.8410E-005,  
1519.109,   1.0720E-006,   3.0845E-006,   4.5923E-004,  -2.6750E-007,   2.8176E-005,  
1526.109,   1.0475E-006,   2.9805E-006,   4.5396E-004,  -3.0300E-007,   2.8523E-005,  
1533.109,   1.0395E-006,   3.1755E-006,   4.2794E-004,  -2.7300E-007,   2.8621E-005,  
1540.125,   9.9350E-007,   3.0155E-006,   4.3775E-004,  -2.6550E-007,   2.8647E-005,  
1547.125,   9.8900E-007,   3.0805E-006,   4.1958E-004,  -2.3450E-007,   2.8440E-005,  
1554.125,   1.0635E-006,   3.0965E-006,   4.7499E-004,  -2.8450E-007,   2.8403E-005,  
1561.125,   1.1360E-006,   3.0355E-006,   4.1872E-004,  -2.4700E-007,   2.8606E-005,  
1568.125,   1.1140E-006,   3.0930E-006,   4.2152E-004,  -2.3600E-007,   2.8356E-005,  
1575.125,   1.0610E-006,   3.1480E-006,   4.7474E-004,  -2.7500E-007,   2.9219E-005,  
1582.140,   1.0410E-006,   2.9850E-006,   4.0794E-004,  -1.9100E-007,   3.0134E-005,  
1589.140,   1.0970E-006,   3.0855E-006,   4.7324E-004,  -2.2750E-007,   3.2058E-005,  
1596.125,   1.0625E-006,   3.1220E-006,   4.0720E-004,  -2.0050E-007,   3.2940E-005,  
1603.140,   1.0025E-006,   3.1055E-006,   4.3831E-004,  -2.1600E-007,   3.2785E-005,  
1610.125,   1.0135E-006,   3.0925E-006,   4.3349E-004,  -2.1550E-007,   3.3441E-005,  
1617.156,   1.0515E-006,   3.1935E-006,   4.6582E-004,  -1.6700E-007,   3.3036E-005,  
1624.140,   1.1045E-006,   3.0175E-006,   4.1088E-004,  -1.4900E-007,   3.3472E-005,  
1631.140,   1.1005E-006,   3.0855E-006,   4.6467E-004,  -1.9250E-007,   3.3247E-005,  
1638.140,   1.1300E-006,   3.0970E-006,   4.0251E-004,  -1.3150E-007,   3.3173E-005,  
1645.140,   1.0795E-006,   3.1165E-006,   5.0746E-004,  -1.8500E-007,   3.3313E-005,  
1652.140,   1.0500E-006,   3.1060E-006,   4.1457E-004,  -2.1250E-007,   3.3176E-005,  
1659.140,   1.1110E-006,   3.1845E-006,   4.7008E-004,  -1.6700E-007,   3.3571E-005,  
1666.140,   1.1015E-006,   2.9750E-006,   4.2964E-004,  -2.1200E-007,   3.2910E-005,  
1673.156,   1.0760E-006,   3.1190E-006,   4.2642E-004,  -2.3900E-007,   3.3174E-005,  
1680.125,   1.0635E-006,   3.0165E-006,   4.2313E-004,  -2.1700E-007,   3.3241E-005,  
1687.140,   9.8200E-007,   3.0760E-006,   4.5392E-004,  -1.8750E-007,   3.3573E-005,  
1694.140,   1.0595E-006,   3.0945E-006,   4.4038E-004,  -1.6000E-007,   3.3906E-005,  
1701.140,   1.0735E-006,   2.9880E-006,   4.6619E-004,  -2.7250E-007,   3.3592E-005,  
1708.140,   1.0600E-006,   3.1105E-006,   4.6115E-004,  -1.6950E-007,   3.3301E-005,  
1715.140,   1.0830E-006,   3.1350E-006,   4.7122E-004,  -2.0150E-007,   3.3558E-005,  
1722.140,   1.0290E-006,   3.0620E-006,   4.2275E-004,  -2.2600E-007,   3.3524E-005,  
1729.125,   1.0735E-006,   2.9790E-006,   4.3897E-004,  -2.0300E-007,   3.3287E-005,  
1736.125,   1.0765E-006,   3.0130E-006,   4.0845E-004,  -2.6650E-007,   3.3204E-005,  
1743.156,   1.0630E-006,   3.1065E-006,   4.3714E-004,  -1.3100E-007,   3.4295E-005,  
1750.172,   1.0245E-006,   2.9920E-006,   4.1097E-004,  -1.3100E-007,   3.4208E-005,  
1757.156,   1.1640E-006,   3.1215E-006,   4.4318E-004,  -2.5800E-007,   3.4965E-005,  
1764.140,   1.0145E-006,   3.0670E-006,   4.5384E-004,  -2.1700E-007,   3.6680E-005,  
1771.172,   1.1000E-006,   2.9950E-006,   4.9904E-004,  -1.5550E-007,   3.8184E-005,  
1778.156,   9.7350E-007,   3.1135E-006,   3.9780E-004,  -2.2100E-007,   3.8215E-005,  
1785.156,   1.0905E-006,   3.1540E-006,   4.4479E-004,  -1.8650E-007,   3.8437E-005,  
1792.140,   1.0285E-006,   3.1020E-006,   4.6761E-004,  -2.1450E-007,   3.8146E-005,  
1799.156,   1.0345E-006,   2.9815E-006,   4.2345E-004,  -1.7800E-007,   3.8359E-005,  
1806.156,   9.4050E-007,   3.0650E-006,   4.2323E-004,  -1.7950E-007,   3.8349E-005,  
1813.156,   1.0550E-006,   3.0355E-006,   4.8156E-004,  -2.4700E-007,   3.8215E-005,  
1820.140,   1.0205E-006,   3.0290E-006,   4.2390E-004,  -2.1500E-007,   3.8576E-005,  
1827.156,   1.0040E-006,   3.0215E-006,   5.0361E-004,  -2.0550E-007,   3.8370E-005,  
1834.156,   1.0235E-006,   3.0110E-006,   4.2404E-004,  -2.3100E-007,   3.8036E-005,  
1841.187,   1.0655E-006,   3.0430E-006,   4.6496E-004,  -2.3700E-007,   3.8107E-005,  
1848.156,   9.9950E-007,   3.0740E-006,   4.2110E-004,  -1.9550E-007,   3.8468E-005,  
1855.156,   9.6200E-007,   3.0940E-006,   4.6696E-004,  -1.7250E-007,   3.8290E-005,  
1862.156,   1.0195E-006,   2.9645E-006,   4.6519E-004,  -3.1200E-007,   3.8471E-005,  
1869.140,   1.0310E-006,   3.0095E-006,   4.6278E-004,  -2.3050E-007,   3.8660E-005,  
1876.156,   1.0335E-006,   3.0690E-006,   4.3804E-004,  -2.7000E-007,   3.8508E-005,  
1883.156,   9.7900E-007,   3.0635E-006,   4.1867E-004,  -2.4750E-007,   3.8668E-005,  
1890.172,   9.8600E-007,   3.0465E-006,   4.4512E-004,  -2.3150E-007,   3.8888E-005,  
1897.172,   9.5100E-007,   3.1120E-006,   4.1029E-004,  -2.2450E-007,   3.8619E-005,  
1904.172,   9.7550E-007,   2.9665E-006,   5.0061E-004,  -2.2450E-007,   3.8886E-005,  
1911.172,   1.0120E-006,   3.0750E-006,   4.3510E-004,  -2.1250E-007,   3.9688E-005,  
1918.172,   9.7750E-007,   3.0110E-006,   4.3747E-004,  -2.2700E-007,   4.1397E-005,  
1925.172,   1.0075E-006,   2.9065E-006,   4.1770E-004,  -2.3450E-007,   4.2697E-005,  
1932.187,   9.6350E-007,   3.0725E-006,   4.4087E-004,  -1.9100E-007,   4.3204E-005,  
1939.172,   9.9450E-007,   3.0955E-006,   4.2555E-004,  -2.5400E-007,   4.3748E-005,  
1946.172,   9.9700E-007,   3.1605E-006,   4.6344E-004,  -1.8200E-007,   4.3912E-005,  
1953.187,   1.0050E-006,   2.9950E-006,   4.3178E-004,  -1.3600E-007,   4.3922E-005,  
1960.172,   9.5000E-007,   3.1755E-006,   4.4242E-004,  -1.9250E-007,   4.4294E-005,  
1967.187,   9.3600E-007,   3.0155E-006,   4.2969E-004,  -2.3750E-007,   4.4261E-005,  
1974.172,   9.9550E-007,   3.0945E-006,   4.4817E-004,  -4.4000E-008,   4.3666E-005,  
1981.187,   1.0305E-006,   3.0930E-006,   4.3677E-004,  -1.5650E-007,   4.4260E-005,  
1988.187,   1.0245E-006,   3.1345E-006,   4.5345E-004,  -1.8850E-007,   4.4040E-005,  
1995.172,   8.8650E-007,   3.1310E-006,   4.5613E-004,  -2.2650E-007,   4.3921E-005,  
2002.156,   9.8100E-007,   2.9995E-006,   4.1946E-004,  -1.9350E-007,   4.4125E-005,  
2009.172,   9.8200E-007,   3.0065E-006,   4.8055E-004,  -2.1950E-007,   4.3712E-005,  
2016.156,   8.8650E-007,   2.9420E-006,   4.1264E-004,  -2.3250E-007,   4.3881E-005,  
2023.187,   1.0005E-006,   2.9670E-006,   4.3595E-004,  -2.0950E-007,   4.3497E-005,  
2030.172,   9.6350E-007,   3.0280E-006,   4.4368E-004,  -2.1350E-007,   4.3681E-005,  
2037.187,   9.1500E-007,   2.9580E-006,   4.2805E-004,  -2.3100E-007,   4.3657E-005,  
2044.187,   9.9850E-007,   3.0015E-006,   4.8503E-004,  -2.1350E-007,   4.3857E-005,  
2051.172,   1.1100E-006,   3.0430E-006,   4.3607E-004,  -1.8250E-007,   4.3745E-005,  
2058.172,   9.1350E-007,   3.0210E-006,   4.8741E-004,  -1.8700E-007,   4.4152E-005,  
2065.172,   9.8400E-007,   2.9800E-006,   4.4846E-004,  -2.7000E-007,   4.3811E-005,  
2072.172,   9.4650E-007,   2.9825E-006,   4.2030E-004,  -2.1600E-007,   4.4609E-005,  
2079.172,   9.5450E-007,   2.9140E-006,   4.2301E-004,  -2.1100E-007,   4.4514E-005,  
2086.156,   8.9400E-007,   3.0145E-006,   5.5354E-004,  -2.2500E-007,   4.4110E-005,  
2093.187,   9.7800E-007,   2.9625E-006,   4.3956E-004,  -2.1000E-007,   4.4065E-005,  
2100.156,   8.4850E-007,   3.0305E-006,   4.5527E-004,  -2.2250E-007,   4.4424E-005,  
2107.187,   9.5600E-007,   2.9555E-006,   4.2870E-004,  -2.7400E-007,   4.4611E-005,  
2114.156,   8.5800E-007,   2.9115E-006,   4.3371E-004,  -2.9550E-007,   4.4068E-005,  
2121.187,   9.0600E-007,   3.0595E-006,   4.2516E-004,  -2.6000E-007,   4.4566E-005,  
2128.172,   9.0800E-007,   3.0040E-006,   4.2632E-004,  -2.4450E-007,   4.4661E-005,  
2135.172,   8.5300E-007,   3.0755E-006,   4.3508E-004,  -2.3600E-007,   4.4598E-005,  
2142.187,   9.5500E-007,   2.9685E-006,   4.6895E-004,  -2.8950E-007,   4.4520E-005,  
2149.156,   8.7500E-007,   3.1160E-006,   4.1810E-004,  -2.5400E-007,   4.3908E-005,  
2156.187,   1.0280E-006,   2.8745E-006,   4.2586E-004,  -2.6750E-007,   4.4051E-005,  
2163.187,   9.8550E-007,   2.9050E-006,   4.3238E-004,  -1.7900E-007,   4.4288E-005,  
2170.156,   8.6850E-007,   3.0195E-006,   5.2131E-004,  -2.3500E-007,   4.4889E-005,  
2177.156,   8.3500E-007,   2.9595E-006,   4.2198E-004,  -1.8250E-007,   4.4529E-005,  
2184.172,   9.0900E-007,   3.0285E-006,   4.1814E-004,  -2.2550E-007,   3.5116E-005,  
2191.156,   9.4050E-007,   3.6630E-006,   4.8619E-004,  -2.3050E-007,   1.7741E-005,  
2198.203,   8.8400E-007,   4.7915E-006,   3.9423E-004,  -2.6200E-007,   7.3625E-006,  
2205.203,   8.8450E-007,   4.3690E-006,   4.4081E-004,  -2.6700E-007,   3.1820E-006,  
2212.187,   9.4000E-007,   3.8110E-006,   4.2497E-004,  -2.2450E-007,   1.6125E-006,  
2219.187,   9.0100E-007,   3.7395E-006,   4.4781E-004,  -2.7100E-007,   1.0525E-006,  
2226.203,   9.0250E-007,   3.6005E-006,   4.2493E-004,  -2.4350E-007,   9.1400E-007,  
2233.187,   8.5550E-007,   3.4750E-006,   4.4470E-004,  -2.5700E-007,   8.3100E-007,  
2240.187,   8.7500E-007,   3.3960E-006,   5.1940E-004,  -3.1800E-007,   8.1900E-007,  
2247.187,   8.6550E-007,   3.3680E-006,   4.0706E-004,  -2.3600E-007,   8.2350E-007,  
2254.187,   8.6550E-007,   3.3030E-006,   4.2953E-004,  -2.9000E-007,   7.1500E-007,  
2261.187,   8.5700E-007,   3.3615E-006,   4.3563E-004,  -1.9550E-007,   7.5750E-007,  
2268.187,   8.1100E-007,   3.2455E-006,   4.7811E-004,  -4.6000E-008,   6.5650E-007,  
2275.203,   9.5250E-007,   3.2815E-006,   4.4851E-004,  -2.5250E-007,   6.5550E-007,  
2282.187,   8.8600E-007,   3.2405E-006,   4.2854E-004,  -2.9850E-007,   6.7550E-007,  
2289.219,   9.3250E-007,   3.2225E-006,   4.1314E-004,  -2.2950E-007,   6.7150E-007,  
2296.219,   9.7900E-007,   3.2960E-006,   4.5557E-004,  -2.4900E-007,   6.1000E-007,  
2303.219,   1.0185E-006,   3.1765E-006,   4.4667E-004,  -2.0150E-007,   5.8600E-007,  
2310.219,   8.6000E-007,   3.2530E-006,   4.4750E-004,  -2.5350E-007,   6.4900E-007,  
2317.219,   9.4350E-007,   3.2275E-006,   4.9555E-004,  -2.6850E-007,   6.3200E-007,  
2324.234,   1.0460E-006,   3.2430E-006,   4.1997E-004,  -2.3800E-007,   6.1000E-007,  
2331.250,   9.0150E-007,   3.2485E-006,   5.0929E-004,  -2.5600E-007,   6.8250E-007,  
2338.234,   9.2800E-007,   3.1530E-006,   4.0077E-004,  -2.3350E-007,   5.9250E-007,  
2345.234,   8.6300E-007,   3.0785E-006,   4.6123E-004,  -1.7850E-007,   6.0350E-007,  
2352.250,   8.7300E-007,   3.1560E-006,   4.0352E-004,  -2.0950E-007,   5.8100E-007,  
2359.234,   9.2000E-007,   3.2500E-006,   4.8795E-004,  -2.4650E-007,   5.6300E-007,  
2366.234,   8.9550E-007,   3.2260E-006,   4.1555E-004,  -1.9400E-007,   5.1850E-007,  
2373.234,   8.8750E-007,   3.1280E-006,   4.0789E-004,  -1.6250E-007,   5.5950E-007,  
2380.219,   8.4750E-007,   3.1660E-006,   4.4205E-004,  -2.0150E-007,   5.8650E-007,  
2387.265,   8.4600E-007,   3.2095E-006,   4.5076E-004,  -2.6850E-007,   4.6500E-007,  
2394.265,   8.8100E-007,   3.0380E-006,   4.1902E-004,  -2.5850E-007,   5.3800E-007,  
2401.265,   8.9100E-007,   3.1445E-006,   4.5842E-004,  -2.5250E-007,   5.1000E-007,  
2408.281,   8.5400E-007,   3.0600E-006,   4.0303E-004,  -1.7850E-007,   5.3600E-007,  
2415.265,   8.6050E-007,   3.1215E-006,   4.3515E-004,  -2.0000E-007,   4.3550E-007,  
2422.281,   8.7900E-007,   3.0585E-006,   4.1451E-004,  -2.2850E-007,   5.7200E-007,  
2429.250,   8.4550E-007,   3.0865E-006,   4.6751E-004,  -2.7800E-007,   4.5700E-007,  
2436.281,   8.6250E-007,   3.1565E-006,   4.2517E-004,  -2.6200E-007,   4.7800E-007,  
2443.250,   9.1500E-007,   3.0475E-006,   4.0849E-004,  -2.9150E-007,   4.4050E-007,  
2450.297,   8.9400E-007,   3.0120E-006,   4.3624E-004,  -2.1150E-007,   4.2350E-007,  
2457.281,   7.6050E-007,   3.0565E-006,   4.8138E-004,  -2.6300E-007,   3.9300E-007,  
2464.281,   8.7200E-007,   3.0985E-006,   4.2466E-004,  -2.5700E-007,   4.1250E-007,  
2471.281,   8.1100E-007,   3.1340E-006,   4.5611E-004,  -2.8000E-007,   4.8450E-007,  
2478.265,   8.3350E-007,   3.1310E-006,   4.4013E-004,  -2.5250E-007,   4.2350E-007,  
2485.297,   8.3250E-007,   3.0395E-006,   4.1781E-004,  -2.7500E-007,   4.2200E-007,  
2492.297,   8.0000E-007,   3.1445E-006,   4.3340E-004,  -3.0550E-007,   4.0150E-007,  
2499.297,   9.1700E-007,   3.0450E-006,   4.1221E-004,  -2.3800E-007,   4.1150E-007,  
2506.297,   7.8400E-007,   3.1465E-006,   4.8439E-004,  -2.7700E-007,   4.7950E-007,  
2513.297,   9.1500E-007,   3.1085E-006,   4.1994E-004,  -2.4650E-007,   4.4000E-007,  
2520.297,   8.2950E-007,   3.0565E-006,   4.5905E-004,  -2.7950E-007,   4.7600E-007,  
2527.297,   8.4000E-007,   3.1565E-006,   4.1706E-004,  -2.2500E-007,   4.7050E-007,  
2534.297,   9.0000E-007,   3.2050E-006,   5.5465E-004,  -2.0100E-007,   6.0250E-007,  
2541.312,   8.7750E-007,   3.1870E-006,   3.9117E-004,  -2.3350E-007,   4.6500E-007,  
2548.297,   9.4950E-007,   3.0975E-006,   4.4765E-004,  -2.3650E-007,   4.1800E-007,  
2555.312,   8.5600E-007,   3.0425E-006,   5.2157E-004,  -1.9050E-007,   4.5200E-007,  
2562.281,   8.9800E-007,   3.0655E-006,   4.1003E-004,  -1.9400E-007,   4.8000E-007,  
2569.297,   8.2700E-007,   3.1865E-006,   4.7676E-004,  -1.9300E-007,   4.4250E-007,  
2576.297,   9.0150E-007,   3.2185E-006,   4.6835E-004,  -2.3250E-007,   4.1450E-007,  
2583.312,   8.7150E-007,   3.1600E-006,   4.1126E-004,  -2.0700E-007,   5.5900E-007,  
2590.312,   9.0800E-007,   3.1480E-006,   4.5077E-004,  -2.7550E-007,   4.3000E-007,  
2597.312,   8.5050E-007,   3.0855E-006,   4.1399E-004,  -2.6750E-007,   3.9050E-007,  
2604.297,   8.3200E-007,   3.0320E-006,   4.1478E-004,  -2.6300E-007,   3.4850E-007,  
2611.328,   7.5400E-007,   2.9680E-006,   4.2824E-004,  -2.6100E-007,   3.9800E-007,  
2618.312,   7.7150E-007,   3.0355E-006,   4.2440E-004,  -2.7300E-007,   5.0800E-007,  
2625.312,   7.9100E-007,   3.0425E-006,   4.1129E-004,  -2.7950E-007,   4.1300E-007,  
2632.297,   8.2250E-007,   3.0355E-006,   4.6204E-004,  -2.4800E-007,   3.7000E-007,  
2639.297,   8.3250E-007,   3.0210E-006,   4.0558E-004,  -2.0350E-007,   3.5500E-007,  
2646.281,   8.1150E-007,   3.0560E-006,   4.5623E-004,  -2.6650E-007,   4.3350E-007,  
2653.297,   8.4050E-007,   3.0825E-006,   4.3367E-004,  -2.4750E-007,   3.7300E-007,  
2660.281,   8.2100E-007,   3.0595E-006,   4.0457E-004,  -2.1250E-007,   4.0250E-007,  
2667.312,   8.2700E-007,   2.9695E-006,   4.1539E-004,  -2.3050E-007,   3.6700E-007,  
2674.312,   8.2800E-007,   3.0320E-006,   4.3441E-004,  -2.0350E-007,   3.4500E-007,  
2681.281,   8.4050E-007,   3.0505E-006,   4.2210E-004,  -2.6400E-007,   3.2900E-007,  
2688.312,   9.0300E-007,   3.0760E-006,   3.8836E-004,  -2.4750E-007,   3.9800E-007,  
2695.297,   8.5150E-007,   3.0570E-006,   4.0131E-004,  -2.6350E-007,   4.5350E-007,  
2702.297,   8.1550E-007,   2.9110E-006,   4.0667E-004,  -2.6250E-007,   3.3450E-007,  
2709.297,   7.5400E-007,   3.0525E-006,   4.2147E-004,  -2.6350E-007,   3.5600E-007,  
2716.297,   8.4300E-007,   3.0675E-006,   4.2253E-004,  -1.1650E-007,   3.6150E-007,  
2723.312,   8.2400E-007,   2.9880E-006,   4.0603E-004,  -2.8950E-007,   2.8300E-007,  
2730.328,   7.8250E-007,   3.0095E-006,   4.6976E-004,  -2.8450E-007,   2.9500E-007,  
2737.344,   8.6000E-007,   2.9815E-006,   4.1086E-004,  -2.2100E-007,   2.9550E-007,  
2744.328,   7.2500E-007,   3.0345E-006,   4.6385E-004,  -2.4300E-007,   3.9950E-007,  
2751.328,   8.0150E-007,   2.9050E-006,   4.3736E-004,  -3.1900E-007,   3.4350E-007,  
2758.312,   8.4850E-007,   2.9825E-006,   4.3036E-004,  -2.3900E-007,   3.0750E-007,  
2765.344,   7.8000E-007,   2.9300E-006,   4.8081E-004,  -2.3950E-007,   3.1300E-007,  
2772.344,   7.7600E-007,   2.9735E-006,   4.4147E-004,  -2.3850E-007,   3.2900E-007,  
2779.344,   7.8550E-007,   2.9430E-006,   3.9685E-004,  -2.0500E-007,   4.1100E-007,  
2786.359,   8.0150E-007,   3.0365E-006,   4.5149E-004,  -2.1250E-007,   2.8150E-007,  
2793.359,   7.8250E-007,   2.9855E-006,   4.2150E-004,  -2.5350E-007,   3.2050E-007,  
2800.359,   9.0000E-007,   3.0375E-006,   4.3917E-004,  -2.7750E-007,   3.1350E-007,  
2807.344,   7.8050E-007,   3.0510E-006,   4.0047E-004,  -2.8700E-007,   2.9850E-007,  
2814.375,   7.3800E-007,   2.9620E-006,   4.4303E-004,  -2.4900E-007,   2.7050E-007,  
2821.375,   7.9950E-007,   2.9175E-006,   4.1962E-004,  -2.6950E-007,   2.6750E-007,  
2828.375,   8.3850E-007,   3.0055E-006,   4.0025E-004,  -2.9450E-007,   3.0100E-007,  
2835.359,   7.1900E-007,   2.9200E-006,   4.1806E-004,  -2.4000E-007,   2.1850E-007,  
2842.375,   7.1200E-007,   2.9065E-006,   4.4775E-004,  -2.7550E-007,   2.6750E-007,  
2849.375,   8.5550E-007,   2.9305E-006,   4.3141E-004,  -3.3400E-007,   3.0100E-007,  
2856.375,   8.0700E-007,   2.8695E-006,   3.9640E-004,  -3.1300E-007,   2.2800E-007,  
2863.390,   7.4250E-007,   3.0305E-006,   5.3753E-004,  -3.0650E-007,   2.4950E-007,  
2870.359,   8.6100E-007,   2.9885E-006,   4.0066E-004,  -2.2050E-007,   2.5150E-007,  
2877.359,   7.6350E-007,   2.9830E-006,   4.3691E-004,  -2.5450E-007,   3.0700E-007,  
2884.390,   8.2800E-007,   2.8790E-006,   4.6185E-004,  -3.0200E-007,   2.0250E-007,  
2891.390,   6.3750E-007,   2.9600E-006,   3.9509E-004,  -3.1000E-007,   3.6150E-007,  
2898.375,   8.1700E-007,   2.9665E-006,   4.4341E-004,  -2.7400E-007,   2.9850E-007,  
2905.375,   7.1200E-007,   3.0580E-006,   4.8441E-004,  -2.7950E-007,   3.1150E-007,  
2912.390,   7.3350E-007,   2.8595E-006,   3.9898E-004,  -2.7600E-007,   3.1350E-007,  
2919.390,   7.1400E-007,   2.8880E-006,   4.6871E-004,  -2.7950E-007,   2.5950E-007,  
2926.390,   7.1550E-007,   2.9140E-006,   4.1151E-004,  -2.8600E-007,   2.3800E-007,  
2933.390,   7.5950E-007,   2.9780E-006,   4.1912E-004,  -2.8650E-007,   2.1300E-007,  
2940.375,   7.1550E-007,   2.9775E-006,   4.2831E-004,  -2.5200E-007,   2.3250E-007,  
2947.375,   8.0050E-007,   3.0135E-006,   4.3880E-004,  -2.3900E-007,   2.7050E-007,  
2954.390,   7.8850E-007,   2.8945E-006,   4.1936E-004,  -2.7350E-007,   2.5800E-007,  
2961.375,   7.1200E-007,   2.9420E-006,   4.6030E-004,  -2.9050E-007,   2.9850E-007,  
2968.375,   7.4050E-007,   2.8435E-006,   4.0502E-004,  -3.2750E-007,   2.6500E-007,  
2975.359,   7.4200E-007,   3.0030E-006,   4.5033E-004,  -2.8150E-007,   3.1800E-007,  
2982.390,   7.2950E-007,   2.9390E-006,   4.8397E-004,  -2.7800E-007,   3.0150E-007,  
2989.375,   6.8600E-007,   2.9950E-006,   3.8930E-004,  -2.4450E-007,   2.5600E-007,  
2996.375,   7.0300E-007,   2.9330E-006,   4.5957E-004,  -2.6400E-007,   2.4450E-007,  
3003.359,   7.9550E-007,   3.0130E-006,   4.4339E-004,  -2.6700E-007,   2.1350E-007,  
3010.375,   7.3350E-007,   2.8870E-006,   4.5148E-004,  -2.4850E-007,   2.3600E-007,  
3017.375,   7.5600E-007,   2.8230E-006,   4.1425E-004,  -2.4950E-007,   2.9750E-007,  
3024.359,   7.4600E-007,   2.9065E-006,   4.1012E-004,  -2.5650E-007,   3.1350E-007,  
3031.375,   8.1650E-007,   2.8755E-006,   4.3798E-004,  -2.9900E-007,   2.8500E-007,  
3038.375,   8.3450E-007,   2.9760E-006,   4.0786E-004,  -2.2300E-007,   2.7500E-007,  
3045.375,   7.4900E-007,   2.9845E-006,   4.5742E-004,  -2.0800E-007,   2.9400E-007,  
3052.375,   7.8850E-007,   2.9490E-006,   4.1570E-004,  -1.8050E-007,   3.4850E-007,  
3059.375,   8.5050E-007,   2.9470E-006,   4.2690E-004,  -2.5000E-007,   3.0750E-007,  
3066.359,   8.3750E-007,   2.9470E-006,   4.5228E-004,  -2.2050E-007,   2.8550E-007,  
3073.375,   8.2250E-007,   2.9535E-006,   4.7418E-004,  -2.4350E-007,   2.7150E-007,  
3080.390,   8.0500E-007,   3.0180E-006,   4.5899E-004,  -2.7100E-007,   2.8200E-007,  
3087.375,   6.9200E-007,   2.8730E-006,   4.3244E-004,  -1.2500E-007,   3.0500E-007,  
3094.375,   7.0800E-007,   2.9390E-006,   4.5278E-004,  -2.5000E-007,   2.5650E-007,  
3101.375,   8.0450E-007,   2.9030E-006,   4.2159E-004,  -2.5450E-007,   2.4450E-007,  
3108.375,   7.2500E-007,   3.0020E-006,   4.4488E-004,  -2.3250E-007,   2.7600E-007,  
3115.390,   7.1900E-007,   2.9775E-006,   4.0868E-004,  -2.1450E-007,   3.2550E-007,  
3122.359,   7.3550E-007,   2.9435E-006,   4.2907E-004,  -2.3200E-007,   2.5450E-007,  
3129.375,   8.4200E-007,   2.9905E-006,   4.3661E-004,  -2.3750E-007,   2.8900E-007,  
3136.375,   8.7100E-007,   2.9230E-006,   4.8701E-004,  -2.2000E-007,   2.9350E-007,  
3143.359,   7.8300E-007,   3.0195E-006,   4.0425E-004,  -2.1050E-007,   3.5650E-007,  
3150.375,   7.7750E-007,   2.9195E-006,   4.4329E-004,  -2.7000E-007,   2.7500E-007,  
3157.390,   8.5500E-007,   3.1265E-006,   4.4661E-004,  -2.3800E-007,   2.6450E-007,  
3164.375,   9.4200E-007,   3.0435E-006,   4.4686E-004,  -2.3700E-007,   3.7600E-007,  
3171.375,   7.7950E-007,   3.0965E-006,   4.5959E-004,  -1.4850E-007,   3.5950E-007,  
3178.375,   8.3500E-007,   3.0845E-006,   4.7097E-004,  -2.1000E-007,   3.2400E-007,  
3185.390,   8.4450E-007,   2.9700E-006,   4.0446E-004,  -2.6250E-007,   2.9350E-007,  
3192.359,   7.4650E-007,   3.0550E-006,   5.2376E-004,  -1.8600E-007,   2.4000E-007,  
3199.375,   7.4500E-007,   3.0115E-006,   4.2619E-004,  -2.2650E-007,   2.8100E-007,  
3206.390,   7.5600E-007,   3.0295E-006,   4.5003E-004,  -1.8300E-007,   3.0450E-007,  
3213.375,   7.5950E-007,   3.0430E-006,   4.4896E-004,  -2.3800E-007,   3.3050E-007,  
3220.390,   7.7800E-007,   2.9185E-006,   3.9562E-004,  -1.5300E-007,   2.6350E-007,  
3227.390,   6.8800E-007,   2.9880E-006,   4.8135E-004,  -3.0450E-007,   2.9250E-007,  
3234.406,   7.5800E-007,   3.0250E-006,   4.1040E-004,  -2.6750E-007,   2.7300E-007,  
3241.390,   6.9750E-007,   3.0270E-006,   5.1810E-004,  -2.4650E-007,   2.5800E-007,  
3248.390,   7.4900E-007,   3.0965E-006,   4.2347E-004,  -2.7000E-007,   2.1350E-007,  
3255.406,   7.3000E-007,   2.9480E-006,   4.5330E-004,  -2.5900E-007,   2.0050E-007,  
3262.390,   7.5700E-007,   2.8940E-006,   4.7660E-004,  -2.5600E-007,   3.0500E-007,  
3269.390,   7.9650E-007,   2.9145E-006,   4.1906E-004,  -2.1150E-007,   2.7550E-007,  
3276.406,   8.0900E-007,   3.0210E-006,   4.2684E-004,  -2.0350E-007,   2.2100E-007,  
3283.406,   7.7350E-007,   2.9530E-006,   4.3945E-004,  -2.2150E-007,   2.3650E-007,  
3290.390,   7.6650E-007,   2.9915E-006,   4.3514E-004,  -1.9550E-007,   2.9700E-007,  
3297.390,   7.3350E-007,   2.8875E-006,   4.4116E-004,  -2.3150E-007,   1.9950E-007,  
3304.406,   7.0200E-007,   2.8900E-006,   4.1842E-004,  -1.7900E-007,   2.7750E-007,  
3311.406,   7.9150E-007,   2.9390E-006,   4.8897E-004,  -2.8750E-007,   2.8950E-007,  
3318.390,   7.0150E-007,   3.0305E-006,   4.3258E-004,  -2.8050E-007,   2.7350E-007,  
3325.390,   7.3050E-007,   2.9640E-006,   4.7768E-004,  -2.6800E-007,   2.2100E-007,  
3332.390,   7.2400E-007,   2.9160E-006,   4.0969E-004,  -2.6650E-007,   2.3000E-007,  
3339.390,   7.1050E-007,   2.9330E-006,   4.6765E-004,  -2.4600E-007,   2.7400E-007,  
3346.390,   7.3500E-007,   2.8935E-006,   4.5100E-004,  -1.9300E-007,   2.7500E-007,  
3353.390,   7.9750E-007,   2.9470E-006,   4.6230E-004,  -2.5800E-007,   2.1100E-007,  
3360.406,   7.3550E-007,   2.9810E-006,   4.6453E-004,  -1.2650E-007,   2.3500E-007,  
3367.375,   6.5950E-007,   2.9185E-006,   4.8691E-004,  -2.1050E-007,   2.6500E-007,  
3374.390,   7.4800E-007,   3.1995E-006,   3.9627E-004,  -2.3050E-007,   2.5200E-007,  
3381.406,   8.2550E-007,   2.8125E-006,   4.3210E-004,  -2.7150E-007,   2.5800E-007,  
3388.406,   7.9750E-007,   2.8705E-006,   4.7824E-004,  -2.7500E-007,   2.4050E-007,  
3395.406,   7.6600E-007,   2.8800E-006,   4.0873E-004,  -2.1300E-007,   2.2600E-007,  
3402.406,   6.9350E-007,   2.8550E-006,   5.4326E-004,  -2.7600E-007,   2.6300E-007,  
3409.422,   8.2750E-007,   2.9930E-006,   4.0082E-004,  -2.0550E-007,   2.4700E-007,  
3416.406,   7.9200E-007,   2.9260E-006,   4.8144E-004,  -2.3700E-007,   2.8900E-007,  
3423.437,   7.2950E-007,   2.8430E-006,   4.5858E-004,  -2.5650E-007,   2.9500E-007,  
3430.422,   8.2750E-007,   2.8640E-006,   4.1263E-004,  -3.1550E-007,   1.7150E-007,  
3437.390,   7.2500E-007,   2.9035E-006,   4.6439E-004,  -3.0050E-007,   2.2400E-007,  
3444.390,   7.0350E-007,   2.9140E-006,   4.7371E-004,  -2.7350E-007,   1.5600E-007,  
3451.406,   7.8850E-007,   2.8290E-006,   4.7019E-004,  -1.9850E-007,   2.5900E-007,  
3458.406,   7.3000E-007,   2.9500E-006,   4.1287E-004,  -2.3550E-007,   3.5100E-007,  
3465.422,   7.6850E-007,   2.9545E-006,   4.2564E-004,  -2.5850E-007,   1.8550E-007,  
3472.406,   6.9150E-007,   2.8455E-006,   4.0466E-004,  -1.9200E-007,   2.0500E-007,  
3479.406,   7.6400E-007,   2.9235E-006,   4.3180E-004,  -2.8500E-007,   2.2400E-007,  
3486.406,   7.7550E-007,   2.9635E-006,   4.3040E-004,  -8.2000E-008,   1.8950E-007,  
3493.406,   8.0400E-007,   2.8855E-006,   4.1230E-004,  -2.1000E-007,   2.0250E-007,  
3500.406,   7.6950E-007,   2.9420E-006,   4.5398E-004,  -2.0150E-007,   2.0450E-007,  
3507.406,   6.8250E-007,   2.9730E-006,   4.4873E-004,  -1.5600E-007,   1.9750E-007,  
3514.390,   7.0900E-007,   2.9240E-006,   4.3430E-004,  -1.8800E-007,   1.2400E-007,  
3521.422,   7.3650E-007,   2.9790E-006,   4.6377E-004,  -2.7900E-007,   2.7550E-007,  
3528.406,   7.1750E-007,   3.0295E-006,   4.2218E-004,  -2.5250E-007,   2.3400E-007,  
3535.422,   7.2750E-007,   3.0240E-006,   4.0918E-004,  -2.8400E-007,   1.7200E-007,  
3542.422,   7.1050E-007,   3.0845E-006,   4.4032E-004,  -2.4000E-007,   2.8700E-007,  
3549.422,   7.3000E-007,   2.9720E-006,   5.2203E-004,  -2.8550E-007,   8.8475E-006,  
3556.422,   8.0800E-007,   2.8245E-006,   4.0353E-004,  -1.9450E-007,   3.1487E-005,  
3563.422,   8.1000E-007,   2.8070E-006,   4.7898E-004,  -2.0800E-007,   3.8833E-005,  
3570.422,   7.4150E-007,   2.7505E-006,   4.5609E-004,  -2.2300E-007,   4.0632E-005,  
3577.437,   7.6500E-007,   2.8410E-006,   4.3125E-004,  -1.9500E-007,   4.1592E-005,  
3584.422,   7.3800E-007,   2.8630E-006,   4.8460E-004,  -2.3550E-007,   4.1875E-005,  
3591.422,   7.0950E-007,   2.8295E-006,   4.4713E-004,  -2.3450E-007,   4.1888E-005,  
3598.422,   7.7900E-007,   2.7350E-006,   4.1631E-004,  -2.1850E-007,   4.2456E-005,  
3605.437,   7.8250E-007,   2.8415E-006,   4.2494E-004,  -2.2950E-007,   4.1790E-005,  
3612.437,   7.7500E-007,   2.8575E-006,   4.3363E-004,  -1.7050E-007,   4.1672E-005,  
3619.422,   7.3100E-007,   2.8225E-006,   4.3144E-004,  -2.0650E-007,   4.2586E-005,  
3626.422,   7.9300E-007,   2.7830E-006,   4.2796E-004,  -2.0550E-007,   4.1974E-005,  
3633.422,   7.3450E-007,   2.8490E-006,   4.2832E-004,  -1.7550E-007,   4.2315E-005,  
3640.422,   8.5150E-007,   2.9300E-006,   4.2627E-004,  -2.3900E-007,   4.2452E-005,  
3647.422,   8.2550E-007,   2.8185E-006,   4.9971E-004,  -2.3350E-007,   4.2204E-005,  
3654.422,   8.5350E-007,   2.9065E-006,   4.2671E-004,  -2.3150E-007,   4.1906E-005,  
3661.422,   7.3450E-007,   2.7715E-006,   4.8224E-004,  -1.6800E-007,   4.2661E-005,  
3668.406,   7.4200E-007,   2.8815E-006,   4.5169E-004,  -2.3450E-007,   4.2059E-005,  
3675.422,   7.8950E-007,   2.9015E-006,   5.1267E-004,  -2.4200E-007,   4.1907E-005,  
3682.437,   8.4350E-007,   2.9140E-006,   4.0356E-004,  -1.8950E-007,   4.2141E-005,  
3689.437,   7.0200E-007,   2.7395E-006,   4.8884E-004,  -2.0050E-007,   4.2255E-005,  
3696.437,   7.7350E-007,   2.8175E-006,   4.0436E-004,  -1.9900E-007,   4.2098E-005,  
3703.453,   7.1750E-007,   2.7805E-006,   4.4676E-004,  -2.4150E-007,   4.2105E-005,  
3710.469,   7.7500E-007,   2.7880E-006,   4.0317E-004,  -2.3950E-007,   4.2192E-005,  
3717.437,   5.9600E-007,   2.8385E-006,   4.7368E-004,  -1.7400E-007,   4.1642E-005,  
3724.453,   6.9950E-007,   2.8270E-006,   4.0055E-004,  -2.5250E-007,   4.2627E-005,  
3731.453,   7.0250E-007,   2.8305E-006,   4.8425E-004,  -2.1900E-007,   4.1960E-005,  
3738.469,   7.0000E-007,   2.8205E-006,   4.3827E-004,  -2.3900E-007,   4.2024E-005,  
3745.453,   7.7200E-007,   2.8575E-006,   4.2567E-004,  -1.7550E-007,   4.2243E-005,  
3752.437,   7.5850E-007,   2.8665E-006,   4.8844E-004,  -2.3200E-007,   4.2659E-005,  
3759.453,   7.4750E-007,   2.8255E-006,   4.6276E-004,  -2.1550E-007,   4.1802E-005,  
3766.469,   7.1950E-007,   2.8270E-006,   4.2474E-004,  -1.7300E-007,   4.2704E-005,  
3773.453,   6.4650E-007,   2.8300E-006,   4.1268E-004,  -2.2350E-007,   4.1957E-005,  
3780.453,   7.6050E-007,   2.8950E-006,   4.8068E-004,  -2.3750E-007,   4.1713E-005,  
3787.453,   8.1000E-007,   2.7350E-006,   4.2518E-004,  -2.2150E-007,   4.2381E-005,  
3794.453,   7.8300E-007,   2.8620E-006,   4.4802E-004,  -1.5300E-007,   4.2502E-005,  
3801.469,   7.5550E-007,   2.9380E-006,   4.6857E-004,  -2.3300E-007,   4.2674E-005,  
3808.453,   7.3300E-007,   2.7285E-006,   4.9139E-004,  -1.8500E-007,   4.1927E-005,  
3815.484,   6.7450E-007,   2.8105E-006,   3.9744E-004,  -2.1850E-007,   4.1901E-005,  
3822.484,   6.8250E-007,   2.8570E-006,   4.7111E-004,  -2.0400E-007,   4.2841E-005,  
3829.469,   7.3050E-007,   2.8690E-006,   4.3390E-004,  -2.1250E-007,   4.2110E-005,  
3836.453,   8.1950E-007,   2.9295E-006,   4.3030E-004,  -2.1900E-007,   4.2567E-005,  
3843.469,   6.7600E-007,   3.0105E-006,   4.2772E-004,  -2.2250E-007,   4.1848E-005,  
3850.469,   7.3300E-007,   2.8180E-006,   4.5720E-004,  -2.3350E-007,   4.2329E-005,  
3857.453,   8.4400E-007,   2.9810E-006,   4.2989E-004,  -1.9500E-007,   4.1713E-005,  
3864.484,   7.5800E-007,   2.9175E-006,   4.2736E-004,  -2.0100E-007,   4.3147E-005,  
3871.484,   6.3650E-007,   2.8735E-006,   4.4628E-004,  -1.9200E-007,   4.2792E-005,  
3878.469,   7.7500E-007,   2.8065E-006,   4.4527E-004,  -1.7250E-007,   4.2088E-005,  
3885.469,   7.4500E-007,   2.9820E-006,   4.9963E-004,  -1.8950E-007,   4.2898E-005,  
3892.484,   7.2300E-007,   2.9015E-006,   4.5423E-004,  -1.9500E-007,   4.2540E-005,  
3899.469,   7.3650E-007,   2.8210E-006,   4.6899E-004,  -2.4400E-007,   4.2460E-005,  
3906.500,   7.8550E-007,   2.9510E-006,   4.6270E-004,  -2.1200E-007,   4.2334E-005,  
3913.469,   7.4100E-007,   2.9030E-006,   4.1760E-004,  -1.7150E-007,   4.3206E-005,  
3920.484,   7.0750E-007,   2.9855E-006,   4.6932E-004,  -2.3200E-007,   4.2804E-005,  
3927.484,   7.0500E-007,   2.8780E-006,   4.7808E-004,  -2.7500E-007,   4.2895E-005,  
3934.469,   7.0050E-007,   2.8050E-006,   4.5645E-004,  -2.0800E-007,   4.2633E-005,  
3941.484,   7.0650E-007,   3.0200E-006,   4.1249E-004,  -2.0900E-007,   4.2813E-005,  
3948.500,   7.6850E-007,   2.8400E-006,   4.6819E-004,  -2.5250E-007,   4.2701E-005,  
3955.500,   7.4350E-007,   2.9580E-006,   4.5051E-004,  -1.9500E-007,   4.2262E-005,  
3962.500,   7.5050E-007,   2.7985E-006,   4.3201E-004,  -2.1050E-007,   4.2287E-005,  
3969.500,   7.8900E-007,   2.9360E-006,   4.8456E-004,  -2.2950E-007,   4.1944E-005,  
3976.515,   8.0200E-007,   2.8780E-006,   4.4444E-004,  -3.0350E-007,   4.2669E-005,  
3983.484,   7.8600E-007,   2.7550E-006,   4.5962E-004,  -2.5300E-007,   4.2448E-005,  
3990.484,   6.8800E-007,   2.9465E-006,   4.4053E-004,  -1.6200E-007,   4.2397E-005,  
3997.500,   7.2450E-007,   2.9785E-006,   5.2886E-004,  -2.1150E-007,   4.2126E-005,  
4004.515,   7.5250E-007,   2.9805E-006,   4.5225E-004,  -2.1200E-007,   4.2427E-005,  
4011.515,   6.9450E-007,   2.8535E-006,   4.2572E-004,  -1.9100E-007,   4.2218E-005,  
4018.515,   7.5500E-007,   2.8805E-006,   4.5466E-004,  -2.1500E-007,   4.2369E-005,  
4025.500,   8.1000E-007,   2.9805E-006,   4.1439E-004,  -2.2900E-007,   4.1836E-005,  
4032.500,   7.4150E-007,   2.9035E-006,   4.5271E-004,  -1.5550E-007,   4.2651E-005,  
4039.515,   7.2500E-007,   2.7785E-006,   4.3449E-004,  -1.7900E-007,   4.2253E-005,  
4046.500,   7.3800E-007,   2.9835E-006,   4.2790E-004,  -1.2750E-007,   4.2713E-005,  
4053.515,   7.5850E-007,   2.9330E-006,   4.9348E-004,  -1.3250E-007,   4.2282E-005,  
4060.515,   8.1000E-007,   2.8605E-006,   4.2650E-004,  -1.7900E-007,   4.2631E-005,  
4067.515,   8.2950E-007,   2.9325E-006,   4.5465E-004,  -1.5000E-007,   4.3027E-005,  
4074.515,   7.5650E-007,   2.9760E-006,   5.0202E-004,  -2.1050E-007,   4.2572E-005,  
4081.515,   6.5750E-007,   2.8645E-006,   4.1878E-004,  -2.2650E-007,   4.2614E-005,  
4088.515,   6.9800E-007,   2.7920E-006,   4.7163E-004,  -1.8050E-007,   4.2446E-005,  
4095.531,   6.7300E-007,   2.8905E-006,   4.9775E-004,  -2.0500E-007,   4.2378E-005,  
4102.500,   6.4450E-007,   2.8725E-006,   4.0246E-004,  -2.4900E-007,   4.2217E-005,  
4109.515,   6.5500E-007,   2.8915E-006,   4.6445E-004,  -2.3850E-007,   4.2207E-005,  
4116.500,   7.2200E-007,   2.7805E-006,   4.0394E-004,  -1.7600E-007,   4.2486E-005,  
4123.515,   7.5100E-007,   2.8605E-006,   4.5276E-004,  -1.7600E-007,   4.2155E-005,  
4130.515,   6.9600E-007,   2.7245E-006,   4.6797E-004,  -2.6650E-007,   4.1981E-005,  
4137.500,   7.0050E-007,   2.9120E-006,   4.1906E-004,  -1.8450E-007,   4.1971E-005,  
4144.515,   7.3150E-007,   2.9540E-006,   5.3015E-004,  -2.1950E-007,   4.2215E-005,  
4151.515,   7.3250E-007,   2.8935E-006,   4.0648E-004,  -2.0550E-007,   4.2726E-005,  
4158.515,   7.1750E-007,   2.8895E-006,   5.4265E-004,  -2.0400E-007,   4.3183E-005,  
4165.531,   6.6600E-007,   2.8190E-006,   4.2812E-004,  -2.1100E-007,   4.2592E-005,  
4172.531,   6.9850E-007,   2.8840E-006,   4.4589E-004,  -2.2700E-007,   4.2367E-005,  
4179.500,   8.0850E-007,   2.7770E-006,   4.6053E-004,  -2.4700E-007,   4.2323E-005,  
4186.531,   6.9800E-007,   2.8310E-006,   4.4388E-004,  -1.8550E-007,   4.1960E-005,  
4193.515,   7.3350E-007,   2.7905E-006,   4.9480E-004,  -2.7350E-007,   4.2946E-005,  
4200.531,   7.1850E-007,   2.8060E-006,   4.6878E-004,  -2.5250E-007,   4.2456E-005,  
4207.500,   7.7750E-007,   2.7720E-006,   4.7360E-004,  -2.2250E-007,   4.2386E-005,  
4214.531,   7.4050E-007,   2.9020E-006,   4.5993E-004,  -1.2950E-007,   4.2541E-005,  
4221.515,   7.4250E-007,   2.8105E-006,   4.7431E-004,  -2.2500E-007,   4.2153E-005,  
4228.515,   7.4700E-007,   2.8740E-006,   4.0622E-004,  -2.5300E-007,   4.2317E-005,  
4235.531,   6.4800E-007,   2.8705E-006,   4.3378E-004,  -2.5250E-007,   4.2482E-005,  
4242.515,   6.8700E-007,   2.8510E-006,   5.0992E-004,  -2.5600E-007,   4.2264E-005,  
4249.531,   6.8850E-007,   2.7750E-006,   4.2152E-004,  -2.1650E-007,   4.2112E-005,  
4256.531,   6.6300E-007,   2.8515E-006,   4.2573E-004,  -1.8450E-007,   4.2157E-005,  
4263.547,   6.7400E-007,   2.8430E-006,   5.0351E-004,  -2.0250E-007,   4.1729E-005,  
4270.515,   6.2700E-007,   2.8080E-006,   4.3836E-004,  -2.6750E-007,   4.2681E-005,  
4277.531,   6.6750E-007,   2.8315E-006,   4.0439E-004,  -1.8200E-007,   4.2632E-005,  
4284.547,   7.4500E-007,   2.8805E-006,   4.8541E-004,  -1.8500E-007,   4.2284E-005,  
4291.531,   6.7400E-007,   2.9435E-006,   4.5816E-004,  -2.2100E-007,   4.2004E-005,  
4298.515,   6.6800E-007,   2.8445E-006,   5.0705E-004,  -2.6150E-007,   4.2166E-005,  
4305.531,   6.9250E-007,   2.7765E-006,   4.3015E-004,  -2.1600E-007,   4.1943E-005,  
4312.531,   6.2050E-007,   2.8090E-006,   5.1847E-004,  -1.8750E-007,   4.2743E-005,  
4319.531,   7.1200E-007,   2.8275E-006,   4.3771E-004,  -2.0900E-007,   4.2838E-005,  
4326.562,   6.9750E-007,   2.7990E-006,   4.3928E-004,  -2.5550E-007,   4.2328E-005,  
4333.562,   6.1350E-007,   2.7375E-006,   4.7758E-004,  -2.1600E-007,   4.2728E-005,  
4340.531,   6.7000E-007,   2.7865E-006,   4.3313E-004,  -2.0000E-007,   4.2937E-005,  
4347.547,   6.9400E-007,   2.8290E-006,   4.2673E-004,  -2.3850E-007,   4.2524E-005,  
4354.547,   6.7900E-007,   2.8175E-006,   4.5780E-004,  -1.8950E-007,   4.2246E-005,  
4361.547,   7.9300E-007,   2.7630E-006,   5.2913E-004,  -3.0250E-007,   4.1814E-005,  
4368.531,   6.7900E-007,   2.7345E-006,   4.3423E-004,  -2.6050E-007,   4.2232E-005,  
4375.547,   7.0000E-007,   2.7375E-006,   4.7647E-004,  -2.6550E-007,   4.2669E-005,  
4382.547,   6.4950E-007,   2.7275E-006,   4.5621E-004,  -2.2150E-007,   4.2170E-005,  
4389.547,   7.3150E-007,   2.9525E-006,   4.5984E-004,  -2.2800E-007,   4.2004E-005,  
4396.562,   6.6350E-007,   2.9025E-006,   4.8593E-004,  -2.6050E-007,   4.2754E-005,  
4403.547,   6.8650E-007,   2.8730E-006,   3.9704E-004,  -2.1500E-007,   4.3001E-005,  
4410.547,   6.7200E-007,   2.8780E-006,   4.9075E-004,  -1.9050E-007,   4.3112E-005,  
4417.547,   6.8800E-007,   2.9655E-006,   4.2787E-004,  -2.5350E-007,   4.2341E-005,  
4424.562,   6.0800E-007,   2.8980E-006,   4.3801E-004,  -2.3250E-007,   4.3051E-005,  
4431.578,   6.6400E-007,   2.8560E-006,   4.3840E-004,  -2.3100E-007,   4.2574E-005,  
4438.578,   7.7200E-007,   2.9145E-006,   4.8573E-004,  -2.2150E-007,   4.2208E-005,  
4445.547,   6.1650E-007,   2.8525E-006,   4.4469E-004,  -2.3900E-007,   4.2590E-005,  
4452.562,   6.5000E-007,   2.7585E-006,   4.5711E-004,  -2.9100E-007,   4.3166E-005,  
4459.547,   7.0800E-007,   2.8770E-006,   4.1900E-004,  -2.7850E-007,   4.2192E-005,  
4466.562,   6.6000E-007,   2.7015E-006,   4.5259E-004,  -2.3700E-007,   4.2616E-005,  
4473.578,   6.1850E-007,   2.7985E-006,   4.4544E-004,  -2.4350E-007,   4.2741E-005,  
4480.578,   6.5900E-007,   2.7110E-006,   5.1077E-004,  -2.6600E-007,   4.3040E-005,  
4487.594,   7.0250E-007,   2.8130E-006,   4.2977E-004,  -1.7700E-007,   4.2959E-005,  
4494.578,   6.6900E-007,   2.7985E-006,   4.6359E-004,  -1.7250E-007,   4.3383E-005,  
4501.578,   6.3250E-007,   2.7780E-006,   4.5498E-004,  -2.0500E-007,   4.2773E-005,  
4508.578,   6.2250E-007,   2.8290E-006,   4.7634E-004,  -2.1350E-007,   4.3111E-005,  
4515.578,   6.9050E-007,   2.8195E-006,   4.1465E-004,  -2.1350E-007,   4.2915E-005,  
4522.578,   7.0250E-007,   2.8225E-006,   4.4873E-004,  -2.7550E-007,   4.3155E-005,  
4529.578,   7.0100E-007,   2.8105E-006,   4.9023E-004,  -2.2050E-007,   4.3484E-005,  
4536.594,   7.2900E-007,   2.8200E-006,   4.3296E-004,  -1.9400E-007,   4.2802E-005,  
4543.578,   7.1050E-007,   2.9185E-006,   4.9222E-004,  -2.1650E-007,   4.3491E-005,  
4550.578,   7.4100E-007,   2.8705E-006,   4.4059E-004,  -2.1550E-007,   4.2868E-005,  
4557.578,   7.5950E-007,   2.8610E-006,   5.0172E-004,  -2.2550E-007,   4.3173E-005,  
4564.562,   7.2450E-007,   2.9205E-006,   4.4069E-004,  -2.4750E-007,   4.3273E-005,  
4571.594,   7.1700E-007,   2.8670E-006,   4.4974E-004,  -1.7850E-007,   4.3038E-005,  
4578.562,   6.2450E-007,   2.8850E-006,   4.9231E-004,  -1.5500E-007,   4.3171E-005,  
4585.578,   7.3950E-007,   2.8870E-006,   4.4212E-004,  -1.6950E-007,   4.2822E-005,  
4592.578,   6.7350E-007,   2.7625E-006,   5.1688E-004,  -2.6950E-007,   4.2855E-005,  
4599.578,   6.3500E-007,   2.8355E-006,   4.3768E-004,  -1.5350E-007,   4.3650E-005,  
4606.578,   7.4100E-007,   2.8445E-006,   4.9609E-004,  -2.3300E-007,   4.3508E-005,  
4613.578,   6.5200E-007,   3.0675E-006,   4.3859E-004,  -2.0850E-007,   4.3087E-005,  
4620.562,   7.5250E-007,   2.8480E-006,   4.4716E-004,  -1.9400E-007,   4.3480E-005,  
4627.594,   7.8300E-007,   2.9435E-006,   4.1326E-004,  -1.0350E-007,   4.3603E-005,  
4634.562,   6.9500E-007,   2.9155E-006,   4.8729E-004,  -2.1350E-007,   4.3558E-005,  
4641.594,   6.4600E-007,   2.8405E-006,   4.5215E-004,  -1.6500E-007,   4.2816E-005,  
4648.594,   6.3600E-007,   2.9025E-006,   4.2939E-004,  -2.2750E-007,   4.3421E-005,  
4655.594,   6.3350E-007,   2.8845E-006,   5.0845E-004,  -2.6050E-007,   4.3219E-005,  
4662.578,   7.7400E-007,   2.8895E-006,   4.1313E-004,  -1.8950E-007,   4.3516E-005,  
4669.578,   6.9600E-007,   2.8255E-006,   4.7619E-004,  -2.4300E-007,   4.3414E-005,  
4676.578,   6.6000E-007,   2.8005E-006,   4.2816E-004,  -1.9700E-007,   4.3163E-005,  
4683.578,   6.3250E-007,   2.8365E-006,   4.7681E-004,  -1.6900E-007,   4.3748E-005,  
4690.594,   7.2350E-007,   2.7870E-006,   4.4813E-004,  -2.1900E-007,   4.3393E-005,  
4697.578,   6.7200E-007,   2.7165E-006,   4.7395E-004,  -2.7650E-007,   4.3851E-005,  
4704.578,   6.8150E-007,   2.7610E-006,   4.0116E-004,  -2.0150E-007,   4.3479E-005,  
4711.562,   6.4150E-007,   2.8210E-006,   4.6737E-004,  -1.6950E-007,   4.3264E-005,  
4718.578,   7.3900E-007,   2.8310E-006,   4.6235E-004,  -1.3900E-007,   4.3443E-005,  
4725.578,   6.3450E-007,   2.7750E-006,   4.1577E-004,  -2.0700E-007,   4.3719E-005,  
4732.562,   5.6850E-007,   2.7755E-006,   4.7576E-004,  -2.2650E-007,   4.3176E-005,  
4739.562,   7.4950E-007,   2.7590E-006,   4.8159E-004,  -2.1150E-007,   4.3705E-005,  
4746.562,   6.8650E-007,   2.7665E-006,   4.2063E-004,  -1.6650E-007,   4.3661E-005,  
4753.562,   7.0050E-007,   2.8050E-006,   4.5028E-004,  -2.0650E-007,   4.3206E-005,  
4760.562,   6.9650E-007,   2.8550E-006,   4.8229E-004,  -2.0150E-007,   4.3497E-005,  
4767.562,   6.9150E-007,   2.8890E-006,   4.4292E-004,  -2.2650E-007,   4.3039E-005,  
4774.562,   6.9300E-007,   2.7405E-006,   4.2840E-004,  -2.3350E-007,   4.3863E-005,  
4781.578,   7.7150E-007,   2.7550E-006,   4.5067E-004,  -1.4550E-007,   4.3025E-005,  
4788.578,   7.1150E-007,   2.7310E-006,   4.1193E-004,  -1.8650E-007,   4.3889E-005,  
4795.562,   6.2600E-007,   2.8080E-006,   5.2914E-004,  -2.7450E-007,   4.2979E-005,  
4802.562,   6.0350E-007,   2.7110E-006,   4.0253E-004,  -1.5950E-007,   4.3000E-005,  
4809.562,   6.7950E-007,   2.8120E-006,   4.7886E-004,  -1.5700E-007,   4.3703E-005,  
4816.562,   7.8800E-007,   2.7950E-006,   4.4364E-004,  -1.4850E-007,   4.3543E-005,  
4823.578,   7.0100E-007,   2.7295E-006,   5.2138E-004,  -2.2950E-007,   4.3700E-005,  
4830.562,   6.8700E-007,   2.7305E-006,   4.2817E-004,  -1.8050E-007,   4.2959E-005,  
4837.578,   6.3800E-007,   2.7850E-006,   4.5425E-004,  -2.0200E-007,   4.3563E-005,  
4844.562,   6.7850E-007,   2.8105E-006,   4.1938E-004,  -1.7850E-007,   4.3549E-005,  
4851.562,   6.7900E-007,   2.8175E-006,   4.4036E-004,  -2.3450E-007,   4.3816E-005,  
4858.578,   7.7150E-007,   2.8085E-006,   4.2499E-004,  -1.9450E-007,   4.3578E-005,  
4865.578,   7.1650E-007,   2.7870E-006,   4.2896E-004,  -2.0700E-007,   4.3152E-005,  
4872.594,   6.0700E-007,   2.8550E-006,   4.6158E-004,  -1.7850E-007,   4.2789E-005,  
4879.562,   6.0500E-007,   2.7180E-006,   4.2309E-004,  -2.4900E-007,   4.3607E-005,  
4886.578,   6.2200E-007,   2.7045E-006,   4.1369E-004,  -2.3950E-007,   4.2911E-005,  
4893.578,   6.4150E-007,   2.6735E-006,   4.6217E-004,  -2.4000E-007,   4.3983E-005,  
4900.594,   6.0850E-007,   2.6935E-006,   4.3738E-004,  -2.4950E-007,   4.4157E-005,  
4907.562,   6.2450E-007,   2.6910E-006,   4.1050E-004,  -2.3700E-007,   4.3079E-005,  
4914.578,   6.0400E-007,   2.7180E-006,   4.6172E-004,  -2.4300E-007,   4.2992E-005,  
4921.578,   5.1250E-007,   2.6425E-006,   4.9299E-004,  -2.0800E-007,   4.2782E-005,  
4928.578,   5.9300E-007,   2.6790E-006,   4.2228E-004,  -2.5750E-007,   4.3150E-005,  
4935.578,   5.8650E-007,   2.7145E-006,   4.8714E-004,  -2.5650E-007,   4.3049E-005,  
4942.562,   6.1450E-007,   2.6220E-006,   4.3484E-004,  -2.4550E-007,   4.3290E-005,  
4949.562,   6.6800E-007,   2.6910E-006,   4.6559E-004,  -1.9550E-007,   4.2883E-005,  
4956.578,   5.7950E-007,   2.6265E-006,   4.0656E-004,  -2.5700E-007,   4.2957E-005,  
4963.578,   5.7050E-007,   2.6455E-006,   4.6467E-004,  -2.8400E-007,   4.3015E-005,  
4970.594,   5.1750E-007,   2.6475E-006,   4.5058E-004,  -3.2050E-007,   4.2956E-005,  
4977.594,   6.1200E-007,   2.6635E-006,   4.7542E-004,  -2.1200E-007,   4.2592E-005,  
4984.578,   6.3400E-007,   2.6660E-006,   4.2976E-004,  -2.7450E-007,   4.2384E-005,  
4991.562,   6.1950E-007,   2.7585E-006,   4.8142E-004,  -2.1450E-007,   4.2902E-005,  
4998.578,   6.0350E-007,   2.6755E-006,   4.4742E-004,  -2.3950E-007,   4.3519E-005,  
5005.578,   6.2200E-007,   2.7045E-006,   4.2923E-004,  -2.4550E-007,   4.2803E-005,  
5012.578,   6.2650E-007,   2.8390E-006,   4.5877E-004,  -2.1650E-007,   4.3058E-005,  
5019.578,   6.1700E-007,   2.6430E-006,   4.3678E-004,  -2.4100E-007,   4.3294E-005,  
5026.578,   5.9400E-007,   2.6615E-006,   4.1700E-004,  -2.3450E-007,   4.3686E-005,  
5033.578,   6.1400E-007,   2.6210E-006,   4.4475E-004,  -2.2650E-007,   4.2802E-005,  
5040.578,   6.3350E-007,   2.6945E-006,   4.0070E-004,  -2.6200E-007,   4.2939E-005,  
5047.578,   5.0950E-007,   2.8465E-006,   4.2633E-004,  -2.2300E-007,   4.3229E-005,  
5054.594,   5.2900E-007,   2.6695E-006,   4.5322E-004,  -2.0000E-007,   4.3515E-005,  
5061.578,   6.0550E-007,   2.6945E-006,   4.1724E-004,  -2.8000E-007,   4.2836E-005,  
5068.578,   6.3100E-007,   2.7810E-006,   4.0089E-004,  -2.5100E-007,   4.4171E-005,  
5075.594,   7.0550E-007,   2.6425E-006,   4.8900E-004,  -2.1950E-007,   4.3362E-005,  
5082.578,   6.7850E-007,   2.7050E-006,   4.2660E-004,  -2.5350E-007,   4.3381E-005,  
5089.578,   6.5200E-007,   2.8010E-006,   4.2712E-004,  -1.5650E-007,   4.3499E-005,  
5096.578,   6.9400E-007,   2.7330E-006,   4.7774E-004,  -2.4400E-007,   4.3954E-005,  
5103.578,   6.1850E-007,   2.7460E-006,   4.3308E-004,  -2.5500E-007,   4.2493E-005,  
5110.578,   6.4350E-007,   2.7425E-006,   4.3045E-004,  -2.3400E-007,   4.2839E-005,  
5117.578,   6.2450E-007,   2.7230E-006,   4.5105E-004,  -1.9700E-007,   4.2634E-005,  
5124.578,   6.6350E-007,   2.7360E-006,   4.5419E-004,  -2.3350E-007,   4.3043E-005,  
5131.578,   6.4700E-007,   2.6645E-006,   4.1955E-004,  -2.2750E-007,   4.3280E-005,  
5138.578,   7.8350E-007,   2.8085E-006,   4.5915E-004,  -1.9200E-007,   4.2988E-005,  
5145.578,   5.9100E-007,   2.6885E-006,   4.8126E-004,  -2.4500E-007,   4.2820E-005,  
5152.562,   5.2300E-007,   2.6230E-006,   4.0534E-004,  -2.5350E-007,   4.3242E-005,  
5159.594,   5.7950E-007,   2.6890E-006,   4.9408E-004,  -2.8050E-007,   4.3508E-005,  
5166.578,   6.4950E-007,   2.6250E-006,   3.9405E-004,  -2.8400E-007,   4.3168E-005,  
5173.594,   5.0450E-007,   2.6675E-006,   4.4587E-004,  -2.5800E-007,   4.2905E-005,  
5180.578,   5.3650E-007,   2.7130E-006,   4.9417E-004,  -3.0050E-007,   4.3206E-005,  
5187.578,   5.5900E-007,   2.7045E-006,   4.1905E-004,  -2.0500E-007,   4.3027E-005,  
5194.578,   5.6700E-007,   2.6305E-006,   3.9440E-004,  -2.4100E-007,   4.2948E-005,  
5201.562,   4.6950E-007,   2.6825E-006,   4.4679E-004,  -2.8050E-007,   4.2536E-005,  
5208.578,   5.8950E-007,   2.7085E-006,   4.3350E-004,  -2.8350E-007,   4.3223E-005,  
5215.578,   5.5350E-007,   2.7200E-006,   4.5734E-004,  -2.3700E-007,   4.3204E-005,  
5222.578,   5.1600E-007,   2.6410E-006,   4.4723E-004,  -2.7600E-007,   4.3519E-005,  
5229.562,   5.5750E-007,   2.6475E-006,   4.6531E-004,  -2.8400E-007,   4.3567E-005,  
5236.578,   5.7000E-007,   2.6095E-006,   4.7141E-004,  -2.7400E-007,   4.3207E-005,  
5243.578,   6.2150E-007,   2.7135E-006,   4.0258E-004,  -2.7000E-007,   4.3437E-005,  
5250.594,   5.4200E-007,   2.6660E-006,   4.4402E-004,  -3.0950E-007,   4.3523E-005,  
5257.562,   5.5850E-007,   2.6545E-006,   4.5624E-004,  -3.1600E-007,   4.3277E-005,  
5264.594,   6.0550E-007,   2.6550E-006,   4.0784E-004,  -2.8800E-007,   4.3146E-005,  
5271.578,   5.5350E-007,   2.7155E-006,   4.3106E-004,  -3.2900E-007,   4.2896E-005,  
5278.578,   5.5450E-007,   2.7545E-006,   4.2363E-004,  -2.4600E-007,   4.3547E-005,  
5285.578,   5.5550E-007,   2.7015E-006,   4.4915E-004,  -2.8200E-007,   4.2679E-005,  
5292.578,   5.3700E-007,   2.5450E-006,   4.5127E-004,  -2.8350E-007,   4.3123E-005,  
5299.578,   5.8150E-007,   2.6615E-006,   4.0088E-004,  -2.7500E-007,   4.2667E-005,  
5306.578,   5.7350E-007,   2.6520E-006,   5.1183E-004,  -3.4950E-007,   4.2748E-005,  
5313.578,   5.1900E-007,   2.7565E-006,   4.0026E-004,  -2.7950E-007,   4.3178E-005,  
5320.578,   5.0600E-007,   2.5560E-006,   4.1755E-004,  -2.9750E-007,   4.2861E-005,  
5327.578,   5.9000E-007,   2.5920E-006,   4.3129E-004,  -3.0000E-007,   4.2917E-005,  
5334.578,   5.4900E-007,   2.6365E-006,   3.8193E-004,  -3.2550E-007,   4.1946E-005,  
5341.578,   4.8900E-007,   2.6145E-006,   4.8141E-004,  -3.3500E-007,   4.2958E-005,  
5348.609,   4.9200E-007,   2.5635E-006,   4.1538E-004,  -2.9350E-007,   4.3161E-005,  
5355.578,   5.8950E-007,   2.7125E-006,   4.3953E-004,  -2.9100E-007,   4.2983E-005,  
5362.562,   5.3750E-007,   2.6815E-006,   4.2156E-004,  -2.6700E-007,   4.3286E-005,  
5369.578,   5.9300E-007,   2.6460E-006,   4.2792E-004,  -2.3050E-007,   4.3839E-005,  
5376.578,   4.9200E-007,   2.7195E-006,   4.1472E-004,  -3.0550E-007,   4.3414E-005,  
5383.578,   5.2400E-007,   2.7230E-006,   4.5354E-004,  -2.7150E-007,   4.3240E-005,  
5390.578,   5.8250E-007,   2.6055E-006,   4.3332E-004,  -2.4550E-007,   4.3682E-005,  
5397.578,   5.5050E-007,   2.7325E-006,   4.1007E-004,  -2.4450E-007,   4.3655E-005,  
5404.578,   4.9550E-007,   2.6450E-006,   4.5918E-004,  -3.0900E-007,   4.3508E-005,  
5411.562,   6.4900E-007,   2.6545E-006,   4.2508E-004,  -2.7850E-007,   4.2805E-005,  
5418.578,   5.5300E-007,   2.6500E-006,   4.0165E-004,  -2.6650E-007,   4.3819E-005,  
5425.594,   6.5150E-007,   2.7255E-006,   4.2217E-004,  -2.4400E-007,   4.3009E-005,  
5432.594,   5.5600E-007,   2.5840E-006,   4.7373E-004,  -2.7850E-007,   4.3346E-005,  
5439.578,   5.0600E-007,   2.7505E-006,   3.9296E-004,  -3.0400E-007,   4.3221E-005,  
5446.562,   5.0050E-007,   2.6950E-006,   4.4502E-004,  -1.7850E-007,   4.3291E-005,  
5453.594,   5.9850E-007,   2.6405E-006,   4.5001E-004,  -2.7250E-007,   4.2956E-005,  
5460.562,   4.6550E-007,   2.6050E-006,   4.6480E-004,  -2.2800E-007,   4.3176E-005,  
5467.562,   5.9600E-007,   2.5745E-006,   4.5324E-004,  -2.9300E-007,   4.4045E-005,  
5474.578,   5.4600E-007,   2.7450E-006,   4.6675E-004,  -2.0150E-007,   4.3071E-005,  
5481.594,   4.7700E-007,   2.6705E-006,   4.0226E-004,  -2.7650E-007,   4.3631E-005,  
5488.578,   5.3000E-007,   2.6725E-006,   4.8778E-004,  -2.4550E-007,   4.3203E-005,  
5495.594,   5.1450E-007,   2.7165E-006,   4.2051E-004,  -2.9850E-007,   4.2913E-005,  
5502.578,   6.2950E-007,   2.6780E-006,   4.4360E-004,  -2.7550E-007,   4.3109E-005,  
5509.562,   6.1600E-007,   2.7020E-006,   4.0250E-004,  -1.7750E-007,   4.3341E-005,  
5516.578,   5.5550E-007,   2.5795E-006,   4.4130E-004,  -2.1050E-007,   4.3350E-005,  
5523.578,   5.6750E-007,   2.6735E-006,   4.1455E-004,  -2.2100E-007,   4.3592E-005,  
5530.578,   5.5750E-007,   2.7515E-006,   4.1662E-004,  -3.1400E-007,   4.3690E-005,  
5537.578,   4.9550E-007,   2.6660E-006,   4.7195E-004,  -3.0300E-007,   4.2682E-005,  
5544.594,   5.5400E-007,   2.6790E-006,   4.0519E-004,  -1.5950E-007,   4.3390E-005,  
5551.578,   5.0400E-007,   2.5755E-006,   4.7587E-004,  -3.0450E-007,   4.3184E-005,  
5558.578,   5.1000E-007,   2.6405E-006,   4.0266E-004,  -2.9050E-007,   4.3438E-005,  
5565.578,   6.0250E-007,   2.7495E-006,   4.3823E-004,  -2.0400E-007,   4.3140E-005,  
5572.578,   5.3850E-007,   2.6160E-006,   4.6075E-004,  -2.8950E-007,   4.3382E-005,  
5579.578,   5.1950E-007,   2.7255E-006,   4.1309E-004,  -2.0250E-007,   4.3376E-005,  
5586.578,   6.3600E-007,   2.8695E-006,   4.6687E-004,  -1.8600E-007,   4.3571E-005,  
5593.578,   5.3350E-007,   2.6385E-006,   4.5054E-004,  -3.0100E-007,   4.3841E-005,  
5600.578,   5.6500E-007,   2.7815E-006,   4.0774E-004,  -1.8700E-007,   4.3439E-005,  
5607.578,   5.9450E-007,   2.8230E-006,   4.3525E-004,  -2.2500E-007,   4.3574E-005,  
5614.578,   6.2250E-007,   2.7385E-006,   4.2669E-004,  -1.6300E-007,   4.3610E-005,  
5621.594,   6.1950E-007,   2.7440E-006,   4.0707E-004,  -2.2300E-007,   4.3947E-005,  
5628.594,   6.3150E-007,   2.8350E-006,   5.4351E-004,  -2.8000E-007,   4.4089E-005,  
5635.562,   5.1850E-007,   2.7300E-006,   4.0617E-004,  -2.5600E-007,   4.3871E-005,  
5642.562,   5.5850E-007,   2.7445E-006,   4.9659E-004,  -1.6150E-007,   4.3554E-005,  
5649.562,   5.7600E-007,   2.6985E-006,   4.3444E-004,  -2.7800E-007,   4.3068E-005,  
5656.562,   5.9150E-007,   2.7245E-006,   4.1176E-004,  -2.7650E-007,   4.3593E-005,  
5663.578,   5.6500E-007,   2.6775E-006,   4.3115E-004,  -1.9550E-007,   4.3140E-005,  
5670.594,   5.4750E-007,   2.6390E-006,   4.2429E-004,  -2.5800E-007,   4.3395E-005,  
5677.594,   5.1300E-007,   2.7205E-006,   4.1120E-004,  -2.5450E-007,   4.3452E-005,  
5684.578,   5.4400E-007,   2.6750E-006,   4.4457E-004,  -3.0700E-007,   4.2964E-005,  
5691.578,   5.9150E-007,   2.6520E-006,   4.0035E-004,  -2.8500E-007,   4.2923E-005,  
5698.578,   5.0500E-007,   2.5850E-006,   4.8361E-004,  -2.8600E-007,   4.3369E-005,  
5705.578,   6.3150E-007,   2.6760E-006,   3.9229E-004,  -1.9400E-007,   4.2856E-005,  
5712.594,   5.4150E-007,   2.5085E-006,   4.3155E-004,  -2.6600E-007,   4.2671E-005,  
5719.578,   5.7650E-007,   2.6680E-006,   3.9070E-004,  -2.2800E-007,   4.3143E-005,  
5726.578,   5.0050E-007,   2.6375E-006,   4.4820E-004,  -3.1100E-007,   4.3249E-005,  
5733.578,   5.9800E-007,   2.6230E-006,   3.9878E-004,  -2.9600E-007,   4.2518E-005,  
5740.578,   5.0050E-007,   2.5845E-006,   4.4823E-004,  -2.7350E-007,   4.3202E-005,  
5747.594,   6.0650E-007,   2.5615E-006,   4.2273E-004,  -2.5850E-007,   4.3567E-005,  
5754.594,   5.6100E-007,   2.6150E-006,   4.4477E-004,  -2.9850E-007,   4.3151E-005,  
5761.562,   4.7700E-007,   2.5920E-006,   4.3409E-004,  -2.0550E-007,   4.3734E-005,  
5768.562,   4.4200E-007,   2.6125E-006,   4.1419E-004,  -2.5400E-007,   4.2899E-005,  
5775.578,   5.6450E-007,   2.7200E-006,   4.4092E-004,  -2.8400E-007,   4.3040E-005,  
5782.562,   4.8500E-007,   2.6305E-006,   4.6885E-004,  -2.5800E-007,   4.3433E-005,  
5789.578,   4.4300E-007,   2.6560E-006,   3.9205E-004,  -1.8550E-007,   4.3468E-005,  
5796.578,   5.4000E-007,   2.6415E-006,   4.3014E-004,  -1.6200E-007,   4.3505E-005,  
5803.578,   5.1800E-007,   2.6520E-006,   4.1270E-004,  -2.1500E-007,   4.3333E-005,  
5810.578,   5.4000E-007,   2.6390E-006,   4.5700E-004,  -2.9250E-007,   4.3758E-005,  
5817.594,   6.0950E-007,   2.6375E-006,   4.2107E-004,  -2.5500E-007,   4.3183E-005,  
5824.594,   5.3700E-007,   2.7325E-006,   4.2493E-004,  -2.6800E-007,   4.3228E-005,  
5831.578,   6.0550E-007,   2.6850E-006,   4.3581E-004,  -2.3650E-007,   4.3561E-005,  
5838.594,   5.6400E-007,   2.6330E-006,   4.2566E-004,  -2.7700E-007,   4.3101E-005,  
5845.562,   5.2900E-007,   2.6360E-006,   3.9750E-004,  -1.9550E-007,   4.4147E-005,  
5852.578,   5.6300E-007,   2.5720E-006,   4.1216E-004,  -2.3750E-007,   4.3894E-005,  
5859.562,   5.2850E-007,   2.7620E-006,   4.2402E-004,  -2.7450E-007,   4.3890E-005,  
5866.594,   6.1450E-007,   2.6155E-006,   4.3980E-004,  -2.6250E-007,   4.2994E-005,  
5873.562,   4.8900E-007,   2.6405E-006,   4.3243E-004,  -2.4450E-007,   4.4289E-005,  
5880.594,   4.7900E-007,   2.6090E-006,   4.0191E-004,  -2.3600E-007,   4.3052E-005,  
5887.594,   5.0350E-007,   2.6745E-006,   4.5379E-004,  -2.3550E-007,   4.3017E-005,  
5894.594,   5.3450E-007,   2.5025E-006,   3.9085E-004,  -2.6300E-007,   4.2778E-005,  
5901.578,   4.5800E-007,   2.5965E-006,   4.4731E-004,  -1.9500E-007,   4.3098E-005,  
5908.609,   4.5500E-007,   2.6280E-006,   4.2143E-004,  -2.9550E-007,   4.3508E-005,  
5915.609,   5.8550E-007,   2.6165E-006,   4.1847E-004,  -1.7500E-007,   4.3737E-005,  
5922.609,   5.6550E-007,   2.6450E-006,   4.0963E-004,  -2.8050E-007,   4.3240E-005,  
5929.609,   5.3200E-007,   2.6710E-006,   4.7600E-004,  -2.6350E-007,   4.3105E-005,  
5936.609,   4.4150E-007,   2.5800E-006,   4.3746E-004,  -2.8550E-007,   4.2973E-005,  
5943.609,   4.7800E-007,   2.6840E-006,   4.4433E-004,  -2.6650E-007,   4.3502E-005,  
5950.609,   4.9850E-007,   2.6085E-006,   3.8784E-004,  -2.4650E-007,   4.2652E-005,  
5957.609,   4.8450E-007,   2.5210E-006,   4.4385E-004,  -2.9250E-007,   4.3252E-005,  
5964.609,   4.3700E-007,   2.6110E-006,   4.2479E-004,  -3.0150E-007,   4.3320E-005,  
5971.609,   5.3500E-007,   2.6080E-006,   4.3252E-004,  -2.9700E-007,   4.3213E-005,  
5978.609,   4.7700E-007,   2.6230E-006,   3.8791E-004,  -2.8500E-007,   4.3124E-005,  
5985.625,   4.2750E-007,   2.6390E-006,   4.0732E-004,  -2.9150E-007,   4.3932E-005,  
5992.594,   4.6700E-007,   2.6750E-006,   3.9411E-004,  -2.6200E-007,   4.3186E-005,  
5999.609,   5.5750E-007,   2.6255E-006,   4.6476E-004,  -2.2200E-007,   4.3764E-005,  
6006.609,   6.0100E-007,   2.6265E-006,   4.0474E-004,  -2.4650E-007,   4.3693E-005,  
6013.609,   5.9550E-007,   2.6250E-006,   4.8047E-004,  -2.6350E-007,   4.3643E-005,  
6020.594,   5.0250E-007,   2.6255E-006,   4.1257E-004,  -2.8150E-007,   4.3674E-005,  
6027.609,   5.6300E-007,   2.5215E-006,   4.9367E-004,  -2.8100E-007,   4.3934E-005,  
6034.625,   4.3700E-007,   2.6350E-006,   3.9440E-004,  -2.1700E-007,   4.3469E-005,  
6041.609,   4.5950E-007,   2.5685E-006,   5.0113E-004,  -2.4800E-007,   4.3818E-005,  
6048.609,   4.8350E-007,   2.6245E-006,   4.1064E-004,  -2.7150E-007,   4.3586E-005,  
6055.609,   4.9400E-007,   2.6260E-006,   4.2338E-004,  -2.0000E-007,   4.3517E-005,  
6062.609,   5.5100E-007,   2.6545E-006,   4.4914E-004,  -2.7800E-007,   4.3275E-005,  
6069.609,   4.8200E-007,   2.5820E-006,   4.1948E-004,  -2.3600E-007,   4.3528E-005,  
6076.609,   5.7850E-007,   2.6695E-006,   4.1203E-004,  -2.9150E-007,   4.3147E-005,  
6083.625,   5.4150E-007,   2.5065E-006,   4.1800E-004,  -3.1900E-007,   4.4529E-005,  
6090.625,   5.1800E-007,   2.6615E-006,   3.9365E-004,  -2.4900E-007,   4.3374E-005,  
6097.609,   4.6700E-007,   2.7210E-006,   4.6560E-004,  -3.2950E-007,   4.3416E-005,  
6104.594,   5.2000E-007,   2.5855E-006,   4.2735E-004,  -2.8700E-007,   4.2996E-005,  
6111.640,   6.2900E-007,   2.7055E-006,   4.5886E-004,  -2.9600E-007,   4.4281E-005,  
6118.625,   4.8300E-007,   2.6895E-006,   4.1493E-004,  -2.6200E-007,   4.3620E-005,  
6125.640,   5.1850E-007,   2.6205E-006,   4.3812E-004,  -2.8500E-007,   4.4238E-005,  
6132.640,   5.2900E-007,   2.6410E-006,   4.3063E-004,  -2.9950E-007,   4.3388E-005,  
