Nov 15, 2022  10:55:13 AM
Residual Gas Analyzer Software 
RGA Software Version, 3.214.004

Pressure vs Time Scan Setup:

Active channels in Scan, 4 
Units, Torr
Sample Period, 1.00, sec
Focus Voltage, 90, Volts 
Ion Energy, HIGH 
Electron Energy, 70, eV 
CEM Voltage, 1000, Volts
CEM Gain, 1.00E+006 
Sensitivity Factor, 2.00E-007 
Filament Current, 1.00, mAmps
Start time, Nov 15, 2022  10:55:13 AM 
Channel,  Mass(amu),     Name,                 Cal Factor,  Noise Floor, CEM Status

1         28.00          Nitrogen              1.00         3            OFF
2         18.00          Water                 1.00         3            OFF
3         2.00           Hydrogen              1.00         3            OFF
4         32.00          Oxygen                1.00         3            OFF


Time(s),Nitrogen,Water,Hydrogen,Oxygen,
0.000,   9.2220E-006,   1.6377E-004,   7.1948E-005,   1.1630E-006,  
1.985,   9.8015E-006,   1.6245E-004,   7.0580E-005,   1.1130E-006,  
3.969,   9.3105E-006,   1.5882E-004,   7.4014E-005,   1.0410E-006,  
5.985,   9.0320E-006,   1.5730E-004,   7.6834E-005,   9.6350E-007,  
7.985,   9.1110E-006,   1.5974E-004,   8.0017E-005,   9.5800E-007,  
9.985,   8.9325E-006,   1.6071E-004,   9.4021E-005,   1.1420E-006,  
11.969,   9.5360E-006,   1.6104E-004,   7.7800E-005,   8.6750E-007,  
13.985,   9.3495E-006,   1.6009E-004,   7.6278E-005,   1.0815E-006,  
15.985,   9.2270E-006,   1.6143E-004,   7.3858E-005,   1.0405E-006,  
17.985,   8.9430E-006,   1.5851E-004,   7.6099E-005,   9.6250E-007,  
19.985,   9.1830E-006,   1.5476E-004,   7.8931E-005,   9.7800E-007,  
22.000,   8.8475E-006,   1.6059E-004,   7.9341E-005,   1.2080E-006,  
23.985,   9.1305E-006,   1.5483E-004,   7.8422E-005,   8.2500E-007,  
25.985,   8.7235E-006,   1.5884E-004,   9.8838E-005,   1.0700E-006,  
27.969,   9.0690E-006,   1.5838E-004,   8.1322E-005,   9.3400E-007,  
30.000,   9.1325E-006,   1.5315E-004,   7.6132E-005,   1.0390E-006,  
32.000,   8.9185E-006,   1.5895E-004,   7.3353E-005,   1.0575E-006,  
34.000,   9.4875E-006,   1.5676E-004,   7.3131E-005,   9.7150E-007,  
36.000,   8.8975E-006,   1.5618E-004,   7.4153E-005,   1.2375E-006,  
38.016,   9.0770E-006,   1.5400E-004,   8.6806E-005,   7.9150E-007,  
40.000,   8.8680E-006,   1.5406E-004,   9.0010E-005,   9.1250E-007,  
41.985,   8.8365E-006,   1.5638E-004,   7.9672E-005,   1.2370E-006,  
44.000,   9.1755E-006,   1.5268E-004,   7.2990E-005,   1.2715E-006,  
46.032,   9.0850E-006,   1.5595E-004,   7.3856E-005,   1.0845E-006,  
48.016,   9.5545E-006,   1.5399E-004,   7.6936E-005,   8.2100E-007,  
50.032,   8.7580E-006,   1.5429E-004,   7.7899E-005,   7.7800E-007,  
52.016,   9.3020E-006,   1.4901E-004,   8.2645E-005,   1.0480E-006,  
54.032,   8.7860E-006,   1.5452E-004,   9.2958E-005,   1.2430E-006,  
56.032,   9.4920E-006,   1.4991E-004,   8.6608E-005,   1.0770E-006,  
58.032,   8.8930E-006,   1.4879E-004,   7.7866E-005,   1.1475E-006,  
60.032,   9.0975E-006,   1.5201E-004,   8.0701E-005,   9.7800E-007,  
62.032,   9.2430E-006,   1.5076E-004,   8.0597E-005,   9.0000E-007,  
64.032,   8.9200E-006,   1.4858E-004,   7.5681E-005,   1.1240E-006,  
66.032,   8.8315E-006,   1.5198E-004,   8.2422E-005,   8.5300E-007,  
68.032,   8.7535E-006,   1.4947E-004,   8.4128E-005,   1.1200E-006,  
70.032,   8.5770E-006,   1.5268E-004,   8.3640E-005,   9.3050E-007,  
72.032,   8.7580E-006,   1.4923E-004,   8.6030E-005,   1.0900E-006,  
74.032,   8.6405E-006,   1.5018E-004,   8.2831E-005,   1.2215E-006,  
76.032,   9.0040E-006,   1.4895E-004,   7.9439E-005,   1.0300E-006,  
78.016,   9.1570E-006,   1.4908E-004,   7.8235E-005,   9.6150E-007,  
80.032,   8.4900E-006,   1.4927E-004,   7.8075E-005,   1.0620E-006,  
82.016,   8.9130E-006,   1.4884E-004,   8.9565E-005,   1.0000E-006,  
84.032,   8.7455E-006,   1.4500E-004,   1.0038E-004,   1.0830E-006,  
86.032,   8.6885E-006,   1.4738E-004,   9.4289E-005,   1.0015E-006,  
88.032,   8.4245E-006,   1.4702E-004,   8.8980E-005,   1.2720E-006,  
90.032,   9.3355E-006,   1.4766E-004,   7.9882E-005,   1.0470E-006,  
92.032,   8.8315E-006,   1.4423E-004,   8.0182E-005,   8.9100E-007,  
94.032,   9.0245E-006,   1.4529E-004,   7.8223E-005,   1.1510E-006,  
96.032,   8.4390E-006,   1.4316E-004,   7.7763E-005,   1.0405E-006,  
98.032,   8.7685E-006,   1.4694E-004,   7.9621E-005,   1.2125E-006,  
100.016,   8.9525E-006,   1.4731E-004,   8.5131E-005,   1.1640E-006,  
102.032,   8.4760E-006,   1.4550E-004,   9.2323E-005,   7.7450E-007,  
104.016,   8.7450E-006,   1.4578E-004,   8.9574E-005,   1.0960E-006,  
106.032,   8.7330E-006,   1.4695E-004,   8.7722E-005,   1.1975E-006,  
108.032,   9.0035E-006,   1.4633E-004,   8.3337E-005,   9.1350E-007,  
110.032,   8.9500E-006,   1.4492E-004,   8.4484E-005,   9.2250E-007,  
112.016,   8.6330E-006,   1.4567E-004,   8.7346E-005,   8.5700E-007,  
114.032,   8.5675E-006,   1.4374E-004,   8.2403E-005,   7.4650E-007,  
116.032,   8.6960E-006,   1.4095E-004,   7.9965E-005,   1.1780E-006,  
118.032,   8.5555E-006,   1.4484E-004,   8.2325E-005,   1.2425E-006,  
120.032,   8.9120E-006,   1.4191E-004,   9.8985E-005,   9.0350E-007,  
122.032,   8.7280E-006,   1.4321E-004,   1.0089E-004,   8.1700E-007,  
124.032,   8.3070E-006,   1.4282E-004,   9.0902E-005,   1.0360E-006,  
126.032,   8.8255E-006,   1.4374E-004,   7.7738E-005,   1.0870E-006,  
128.032,   8.5750E-006,   1.4309E-004,   8.1020E-005,   1.0525E-006,  
130.016,   8.4260E-006,   1.4566E-004,   7.9123E-005,   1.3435E-006,  
132.032,   8.9410E-006,   1.3866E-004,   8.2653E-005,   1.2500E-006,  
134.032,   8.6140E-006,   1.4282E-004,   9.8976E-005,   8.2150E-007,  
136.032,   8.7860E-006,   1.4146E-004,   9.0553E-005,   9.6900E-007,  
138.016,   8.4485E-006,   1.4232E-004,   9.4921E-005,   1.1950E-006,  
140.032,   8.7735E-006,   1.4367E-004,   8.4269E-005,   9.2850E-007,  
142.032,   8.3380E-006,   1.4310E-004,   8.4204E-005,   1.1675E-006,  
144.032,   8.4610E-006,   1.4377E-004,   8.3049E-005,   9.6850E-007,  
146.032,   8.6370E-006,   1.3929E-004,   8.0661E-005,   1.0180E-006,  
148.016,   8.5400E-006,   1.4080E-004,   8.5574E-005,   8.2400E-007,  
150.032,   8.5845E-006,   1.3796E-004,   9.4361E-005,   1.5030E-006,  
152.032,   8.4995E-006,   1.4460E-004,   9.4298E-005,   1.0560E-006,  
154.032,   8.4660E-006,   1.4150E-004,   1.0825E-004,   9.3100E-007,  
156.016,   8.5455E-006,   1.4305E-004,   1.0221E-004,   1.0295E-006,  
158.016,   8.6355E-006,   1.4186E-004,   9.2315E-005,   9.5050E-007,  
160.032,   9.0460E-006,   1.4221E-004,   8.6853E-005,   9.1800E-007,  
162.032,   8.7200E-006,   1.4071E-004,   8.2208E-005,   1.1950E-006,  
164.032,   8.4300E-006,   1.3756E-004,   8.3047E-005,   9.4800E-007,  
166.032,   8.1625E-006,   1.4003E-004,   8.2844E-005,   8.7400E-007,  
168.032,   8.6830E-006,   1.3922E-004,   8.1754E-005,   1.2265E-006,  
170.032,   8.1995E-006,   1.4267E-004,   1.0087E-004,   1.1250E-006,  
172.016,   9.3085E-006,   1.4083E-004,   8.9548E-005,   1.2515E-006,  
174.032,   8.4260E-006,   1.4289E-004,   8.3181E-005,   1.2410E-006,  
176.016,   8.7420E-006,   1.3834E-004,   9.6167E-005,   1.0030E-006,  
178.032,   8.7860E-006,   1.3908E-004,   9.4246E-005,   1.1890E-006,  
180.032,   8.3810E-006,   1.4077E-004,   8.5858E-005,   1.3140E-006,  
182.016,   8.5195E-006,   1.3915E-004,   1.1114E-004,   9.6650E-007,  
184.032,   8.7390E-006,   1.3485E-004,   9.3438E-005,   1.1260E-006,  
186.016,   8.2850E-006,   1.3847E-004,   8.4792E-005,   9.7100E-007,  
188.032,   8.6425E-006,   1.4102E-004,   8.3753E-005,   1.0950E-006,  
190.016,   9.0370E-006,   1.3912E-004,   8.6755E-005,   1.2035E-006,  
192.032,   8.6150E-006,   1.3534E-004,   8.1817E-005,   1.2175E-006,  
194.032,   8.4210E-006,   1.3621E-004,   9.1361E-005,   1.0830E-006,  
196.032,   8.4860E-006,   1.3709E-004,   9.5423E-005,   9.4900E-007,  
198.032,   8.6090E-006,   1.3712E-004,   1.0618E-004,   1.0285E-006,  
200.032,   8.9870E-006,   1.3869E-004,   1.1451E-004,   1.2115E-006,  
202.032,   8.9105E-006,   1.3871E-004,   9.8056E-005,   1.0985E-006,  
204.032,   8.7345E-006,   1.3965E-004,   8.9032E-005,   1.3905E-006,  
206.032,   8.7360E-006,   1.3600E-004,   8.5120E-005,   7.6800E-007,  
208.032,   8.2560E-006,   1.3573E-004,   8.4052E-005,   1.1330E-006,  
210.032,   8.5380E-006,   1.3686E-004,   8.8601E-005,   1.0150E-006,  
212.016,   8.5765E-006,   1.3687E-004,   8.9777E-005,   1.0700E-006,  
214.032,   8.8840E-006,   1.3384E-004,   8.7792E-005,   1.2215E-006,  
216.032,   8.2920E-006,   1.3224E-004,   1.0185E-004,   1.4050E-006,  
218.032,   8.5355E-006,   1.3638E-004,   1.0297E-004,   7.9450E-007,  
220.032,   8.7715E-006,   1.3485E-004,   1.0270E-004,   1.5385E-006,  
222.032,   8.4695E-006,   1.3630E-004,   1.0110E-004,   1.2375E-006,  
224.032,   8.6540E-006,   1.3449E-004,   8.9560E-005,   1.0050E-006,  
226.032,   8.7450E-006,   1.3344E-004,   8.7250E-005,   1.0270E-006,  
228.032,   8.3095E-006,   1.3440E-004,   1.0848E-004,   9.1400E-007,  
230.032,   8.3875E-006,   1.3663E-004,   8.9582E-005,   1.1690E-006,  
232.032,   8.9095E-006,   1.3664E-004,   8.7822E-005,   1.2235E-006,  
234.032,   8.9300E-006,   1.3480E-004,   9.1771E-005,   1.1255E-006,  
236.032,   8.5925E-006,   1.3474E-004,   9.1992E-005,   9.1600E-007,  
238.032,   8.1590E-006,   1.3468E-004,   1.0246E-004,   7.9050E-007,  
240.032,   8.5355E-006,   1.3302E-004,   1.0523E-004,   7.3800E-007,  
242.016,   8.6290E-006,   1.3337E-004,   9.3541E-005,   9.0400E-007,  
244.032,   8.4655E-006,   1.2977E-004,   8.9072E-005,   1.1930E-006,  
246.032,   8.0395E-006,   1.2904E-004,   1.0169E-004,   1.2180E-006,  
248.032,   8.0930E-006,   1.3412E-004,   9.5750E-005,   1.0615E-006,  
250.032,   8.4505E-006,   1.3151E-004,   9.0701E-005,   9.4650E-007,  
252.032,   8.3765E-006,   1.3391E-004,   9.5543E-005,   9.1950E-007,  
254.032,   8.1200E-006,   1.3319E-004,   1.0851E-004,   9.3300E-007,  
256.032,   8.7765E-006,   1.3298E-004,   9.5510E-005,   1.0615E-006,  
258.032,   8.4220E-006,   1.2998E-004,   9.7044E-005,   1.1395E-006,  
260.032,   8.2370E-006,   1.3218E-004,   9.1536E-005,   1.0420E-006,  
262.032,   8.2305E-006,   1.3390E-004,   9.1632E-005,   1.2340E-006,  
264.032,   8.6405E-006,   1.3389E-004,   9.1159E-005,   1.0170E-006,  
266.016,   8.3445E-006,   1.3415E-004,   1.0773E-004,   1.2625E-006,  
268.032,   8.4150E-006,   1.3487E-004,   9.8115E-005,   1.2115E-006,  
270.032,   8.4425E-006,   1.3106E-004,   9.8710E-005,   9.7500E-007,  
272.016,   8.0275E-006,   1.3089E-004,   9.6560E-005,   9.4350E-007,  
274.032,   8.3890E-006,   1.3051E-004,   9.1482E-005,   1.3995E-006,  
276.032,   8.3405E-006,   1.3362E-004,   1.0632E-004,   1.2115E-006,  
278.032,   8.4010E-006,   1.2958E-004,   1.0479E-004,   1.0180E-006,  
280.032,   8.2845E-006,   1.3245E-004,   9.8952E-005,   1.0455E-006,  
282.032,   8.0415E-006,   1.3132E-004,   9.6916E-005,   8.7050E-007,  
284.032,   8.3515E-006,   1.3011E-004,   1.2184E-004,   1.1510E-006,  
286.032,   8.2490E-006,   1.2667E-004,   9.9387E-005,   1.1250E-006,  
288.032,   8.3325E-006,   1.3036E-004,   9.4780E-005,   1.2085E-006,  
290.032,   8.2285E-006,   1.3289E-004,   9.9859E-005,   1.1550E-006,  
292.032,   8.0445E-006,   1.3001E-004,   1.0437E-004,   8.5650E-007,  
294.032,   8.0375E-006,   1.3159E-004,   9.6815E-005,   1.1440E-006,  
296.032,   8.1880E-006,   1.2855E-004,   9.4850E-005,   1.0090E-006,  
298.032,   8.6975E-006,   1.3026E-004,   1.0124E-004,   1.3725E-006,  
300.032,   8.3030E-006,   1.2808E-004,   1.1325E-004,   1.0920E-006,  
302.032,   8.3295E-006,   1.2835E-004,   9.9138E-005,   1.0585E-006,  
304.032,   8.0790E-006,   1.2917E-004,   9.1394E-005,   9.5100E-007,  
306.032,   8.3105E-006,   1.3064E-004,   8.8557E-005,   1.0755E-006,  
308.047,   8.5055E-006,   1.2585E-004,   9.4186E-005,   9.7500E-007,  
310.032,   8.4190E-006,   1.2791E-004,   1.0251E-004,   1.3425E-006,  
312.032,   8.3810E-006,   1.2506E-004,   1.1003E-004,   1.0155E-006,  
314.032,   8.2885E-006,   1.2718E-004,   1.1746E-004,   9.3450E-007,  
316.032,   8.4770E-006,   1.2656E-004,   1.0875E-004,   9.1850E-007,  
318.032,   8.4175E-006,   1.2657E-004,   1.0114E-004,   9.4500E-007,  
320.032,   8.1870E-006,   1.2489E-004,   9.4838E-005,   1.1520E-006,  
322.032,   8.6280E-006,   1.2752E-004,   9.6093E-005,   8.9300E-007,  
324.016,   8.1315E-006,   1.2654E-004,   9.6633E-005,   1.0050E-006,  
326.032,   8.3215E-006,   1.2597E-004,   1.0896E-004,   9.9750E-007,  
328.032,   8.1020E-006,   1.2878E-004,   1.0324E-004,   1.0690E-006,  
330.032,   8.0810E-006,   1.2938E-004,   1.0221E-004,   1.4185E-006,  
332.032,   8.4425E-006,   1.2589E-004,   9.7757E-005,   7.6500E-007,  
334.032,   8.0225E-006,   1.2399E-004,   9.8739E-005,   1.0290E-006,  
336.032,   7.8875E-006,   1.2710E-004,   1.0276E-004,   1.0235E-006,  
338.032,   8.2955E-006,   1.2599E-004,   1.0023E-004,   1.2015E-006,  
340.032,   8.2285E-006,   1.2456E-004,   1.0627E-004,   9.7300E-007,  
342.032,   8.2190E-006,   1.2288E-004,   1.1769E-004,   1.1370E-006,  
344.047,   8.1070E-006,   1.2305E-004,   1.0035E-004,   1.0745E-006,  
346.047,   8.0680E-006,   1.2443E-004,   9.5768E-005,   9.1350E-007,  
348.047,   7.9380E-006,   1.2772E-004,   1.1214E-004,   1.1785E-006,  
350.047,   8.0160E-006,   1.2382E-004,   9.9288E-005,   1.1310E-006,  
352.047,   8.1055E-006,   1.2485E-004,   1.0267E-004,   1.0320E-006,  
354.047,   8.2420E-006,   1.2282E-004,   1.0112E-004,   1.2655E-006,  
356.047,   8.1980E-006,   1.2410E-004,   9.7989E-005,   7.7400E-007,  
358.047,   8.2060E-006,   1.2358E-004,   9.5566E-005,   9.1950E-007,  
360.047,   8.4845E-006,   1.2474E-004,   1.0627E-004,   9.7650E-007,  
362.047,   7.9475E-006,   1.2605E-004,   1.1997E-004,   1.1615E-006,  
364.047,   7.9915E-006,   1.2459E-004,   1.1300E-004,   1.1555E-006,  
366.047,   7.9130E-006,   1.2236E-004,   1.0807E-004,   7.9300E-007,  
368.032,   8.0280E-006,   1.2524E-004,   9.3955E-005,   1.1155E-006,  
370.063,   8.3630E-006,   1.2295E-004,   9.4273E-005,   1.1215E-006,  
372.063,   7.8605E-006,   1.2078E-004,   9.8850E-005,   1.3745E-006,  
374.063,   7.8320E-006,   1.2166E-004,   9.9174E-005,   9.9500E-007,  
376.063,   8.0485E-006,   1.2308E-004,   9.9813E-005,   8.8000E-007,  
378.063,   7.6930E-006,   1.2287E-004,   1.0781E-004,   7.7750E-007,  
380.063,   7.9765E-006,   1.2468E-004,   1.1124E-004,   1.0735E-006,  
382.063,   7.8480E-006,   1.2349E-004,   1.2230E-004,   1.0440E-006,  
384.063,   8.3785E-006,   1.2331E-004,   1.0842E-004,   9.8550E-007,  
386.063,   7.9060E-006,   1.2355E-004,   1.0075E-004,   9.2650E-007,  
388.063,   7.9900E-006,   1.2018E-004,   1.0048E-004,   8.4100E-007,  
390.047,   7.7850E-006,   1.2196E-004,   1.0450E-004,   8.1050E-007,  
392.063,   7.7670E-006,   1.2345E-004,   1.0749E-004,   1.0215E-006,  
394.063,   7.8260E-006,   1.2294E-004,   1.2590E-004,   8.6850E-007,  
396.047,   7.6975E-006,   1.2006E-004,   1.2478E-004,   1.3320E-006,  
398.063,   7.8710E-006,   1.2172E-004,   1.0196E-004,   9.1800E-007,  
400.063,   7.7465E-006,   1.2221E-004,   1.0341E-004,   9.7950E-007,  
402.047,   7.8235E-006,   1.1943E-004,   1.0256E-004,   1.3270E-006,  
404.063,   7.7875E-006,   1.2305E-004,   9.8870E-005,   1.3240E-006,  
406.063,   8.0295E-006,   1.2284E-004,   9.8795E-005,   1.0500E-006,  
408.063,   8.1800E-006,   1.1919E-004,   1.0620E-004,   9.3500E-007,  
410.047,   8.0930E-006,   1.2028E-004,   1.2372E-004,   9.3300E-007,  
412.078,   7.9175E-006,   1.1706E-004,   1.2130E-004,   1.3805E-006,  
414.047,   9.1485E-006,   1.1916E-004,   1.1644E-004,   9.0700E-007,  
416.063,   8.3505E-006,   1.1968E-004,   1.0799E-004,   9.9200E-007,  
418.063,   7.8075E-006,   1.1750E-004,   1.1431E-004,   1.0130E-006,  
420.063,   7.8895E-006,   1.1859E-004,   1.0422E-004,   7.6700E-007,  
422.047,   7.8440E-006,   1.1721E-004,   1.0386E-004,   1.1815E-006,  
424.063,   8.1055E-006,   1.1906E-004,   1.0163E-004,   7.7300E-007,  
426.047,   7.7830E-006,   1.1713E-004,   1.1551E-004,   1.2065E-006,  
428.063,   7.6325E-006,   1.1724E-004,   1.2153E-004,   9.0250E-007,  
430.063,   7.6300E-006,   1.2064E-004,   1.1413E-004,   9.9050E-007,  
432.047,   8.0610E-006,   1.1918E-004,   1.1763E-004,   8.6650E-007,  
434.063,   7.9150E-006,   1.1646E-004,   1.0961E-004,   1.1135E-006,  
436.063,   7.6855E-006,   1.2100E-004,   1.0582E-004,   1.2980E-006,  
438.063,   7.7650E-006,   1.1790E-004,   1.0296E-004,   9.9150E-007,  
440.063,   7.5555E-006,   1.1846E-004,   1.0885E-004,   9.9900E-007,  
442.063,   7.4635E-006,   1.1617E-004,   1.2722E-004,   9.5900E-007,  
444.063,   7.9340E-006,   1.1861E-004,   1.1903E-004,   8.4300E-007,  
446.063,   7.8855E-006,   1.1664E-004,   1.1623E-004,   1.0580E-006,  
448.047,   8.1140E-006,   1.1555E-004,   1.0686E-004,   1.2475E-006,  
450.063,   7.6605E-006,   1.1670E-004,   1.0714E-004,   8.4350E-007,  
452.063,   7.8230E-006,   1.1788E-004,   1.1280E-004,   9.0500E-007,  
454.063,   7.6160E-006,   1.1927E-004,   1.0386E-004,   9.3100E-007,  
456.063,   7.9090E-006,   1.1808E-004,   1.0724E-004,   1.0415E-006,  
458.063,   8.0645E-006,   1.1414E-004,   1.0728E-004,   1.1775E-006,  
460.063,   7.3805E-006,   1.1359E-004,   1.2356E-004,   1.1710E-006,  
462.047,   7.3940E-006,   1.1747E-004,   1.2750E-004,   8.9100E-007,  
464.063,   7.7760E-006,   1.1470E-004,   1.1914E-004,   9.8750E-007,  
466.063,   7.7505E-006,   1.1690E-004,   1.2069E-004,   1.0605E-006,  
468.063,   8.0840E-006,   1.1385E-004,   1.1032E-004,   9.5000E-007,  
470.063,   7.7470E-006,   1.1563E-004,   1.0613E-004,   1.2030E-006,  
472.063,   7.5745E-006,   1.1609E-004,   1.0216E-004,   9.8650E-007,  
474.063,   7.6620E-006,   1.1683E-004,   1.0127E-004,   8.6200E-007,  
476.063,   7.8420E-006,   1.1534E-004,   1.0545E-004,   1.1195E-006,  
478.063,   7.7665E-006,   1.1556E-004,   1.2626E-004,   1.0730E-006,  
480.063,   7.9985E-006,   1.1382E-004,   1.2737E-004,   1.0365E-006,  
482.063,   8.0785E-006,   1.1492E-004,   1.1459E-004,   7.9300E-007,  
484.063,   7.4470E-006,   1.1697E-004,   1.0977E-004,   9.1150E-007,  
486.063,   7.6580E-006,   1.1488E-004,   1.0397E-004,   1.1755E-006,  
488.063,   7.6020E-006,   1.1713E-004,   1.2673E-004,   1.0985E-006,  
490.063,   7.5225E-006,   1.1222E-004,   1.1463E-004,   1.2370E-006,  
492.063,   8.1455E-006,   1.1672E-004,   1.1651E-004,   9.1700E-007,  
494.047,   7.6880E-006,   1.1591E-004,   1.1049E-004,   1.1220E-006,  
496.063,   7.8335E-006,   1.1433E-004,   1.0659E-004,   9.7050E-007,  
498.063,   7.5495E-006,   1.1557E-004,   1.0795E-004,   1.0705E-006,  
500.047,   7.5320E-006,   1.1199E-004,   1.1507E-004,   1.1985E-006,  
502.063,   7.4705E-006,   1.1667E-004,   1.0932E-004,   1.2700E-006,  
504.063,   7.9900E-006,   1.1514E-004,   1.1039E-004,   9.3300E-007,  
506.063,   7.5480E-006,   1.1488E-004,   1.2388E-004,   1.1220E-006,  
508.063,   7.7660E-006,   1.1605E-004,   1.2091E-004,   8.7800E-007,  
510.063,   7.7445E-006,   1.1351E-004,   1.1764E-004,   1.1005E-006,  
512.047,   7.8395E-006,   1.1153E-004,   1.3150E-004,   8.8850E-007,  
514.078,   7.7160E-006,   1.1441E-004,   1.2142E-004,   1.0840E-006,  
516.078,   7.6300E-006,   1.1458E-004,   1.1130E-004,   8.1000E-007,  
518.063,   7.4580E-006,   1.1096E-004,   1.0840E-004,   1.0465E-006,  
520.078,   7.4415E-006,   1.1518E-004,   1.1086E-004,   1.1180E-006,  
522.078,   7.6195E-006,   1.1271E-004,   1.1150E-004,   9.6750E-007,  
524.078,   7.8870E-006,   1.1152E-004,   1.0894E-004,   9.6550E-007,  
526.078,   7.3880E-006,   1.1156E-004,   1.1634E-004,   9.5150E-007,  
528.078,   7.6185E-006,   1.1136E-004,   1.3209E-004,   1.1360E-006,  
530.063,   7.4200E-006,   1.0931E-004,   1.4499E-004,   1.2460E-006,  
532.078,   7.9200E-006,   1.1303E-004,   1.1484E-004,   8.4950E-007,  
534.078,   7.8525E-006,   1.1308E-004,   1.0687E-004,   1.3545E-006,  
536.078,   7.4870E-006,   1.1315E-004,   1.1361E-004,   1.0700E-006,  
538.063,   7.4265E-006,   1.1251E-004,   1.1344E-004,   1.0950E-006,  
540.078,   8.0085E-006,   1.1265E-004,   1.1210E-004,   9.9250E-007,  
542.078,   7.4180E-006,   1.0910E-004,   1.2555E-004,   1.1110E-006,  
544.078,   7.9000E-006,   1.1266E-004,   1.1515E-004,   8.9850E-007,  
546.078,   7.8595E-006,   1.1054E-004,   1.1296E-004,   9.0950E-007,  
548.063,   7.3260E-006,   1.1242E-004,   1.2274E-004,   1.0635E-006,  
550.078,   7.5850E-006,   1.1001E-004,   1.2589E-004,   9.4550E-007,  
552.078,   7.7360E-006,   1.1124E-004,   1.2004E-004,   1.1805E-006,  
554.078,   7.5180E-006,   1.0854E-004,   1.3674E-004,   1.1225E-006,  
556.078,   7.7515E-006,   1.1450E-004,   1.2021E-004,   9.3350E-007,  
558.063,   7.4745E-006,   1.1027E-004,   1.1340E-004,   8.4000E-007,  
560.078,   7.2910E-006,   1.1013E-004,   1.0744E-004,   1.0775E-006,  
562.078,   7.1495E-006,   1.0922E-004,   1.1281E-004,   9.5750E-007,  
564.078,   7.7040E-006,   1.1149E-004,   1.1481E-004,   1.1215E-006,  
566.078,   7.8040E-006,   1.0962E-004,   1.3182E-004,   9.2850E-007,  
568.078,   7.4305E-006,   1.0991E-004,   1.3414E-004,   1.0275E-006,  
570.078,   7.5470E-006,   1.1072E-004,   1.1644E-004,   9.1200E-007,  
572.078,   7.3595E-006,   1.1091E-004,   1.1045E-004,   1.2925E-006,  
574.078,   7.9105E-006,   1.0832E-004,   1.1388E-004,   9.5100E-007,  
576.063,   7.6565E-006,   1.0724E-004,   1.2148E-004,   1.0240E-006,  
578.078,   7.3735E-006,   1.0730E-004,   1.2796E-004,   1.1115E-006,  
580.078,   7.3865E-006,   1.0902E-004,   1.1626E-004,   8.3050E-007,  
582.078,   7.3860E-006,   1.1022E-004,   1.1958E-004,   1.2250E-006,  
584.078,   7.3970E-006,   1.0927E-004,   1.2735E-004,   8.5400E-007,  
586.094,   7.5925E-006,   1.0728E-004,   1.1601E-004,   8.4950E-007,  
588.078,   7.8850E-006,   1.0869E-004,   1.2160E-004,   8.8550E-007,  
590.078,   7.4675E-006,   1.0847E-004,   1.1639E-004,   8.1000E-007,  
592.063,   7.6020E-006,   1.0744E-004,   1.0861E-004,   1.1970E-006,  
594.078,   7.8280E-006,   1.0913E-004,   1.3605E-004,   8.7550E-007,  
596.078,   7.4600E-006,   1.0610E-004,   1.3656E-004,   1.1420E-006,  
598.078,   7.8170E-006,   1.0960E-004,   1.1713E-004,   8.1850E-007,  
600.078,   7.2060E-006,   1.0937E-004,   1.1546E-004,   8.8900E-007,  
602.078,   7.5780E-006,   1.0964E-004,   1.1057E-004,   1.0275E-006,  
604.078,   7.1470E-006,   1.0774E-004,   1.1589E-004,   1.1455E-006,  
606.078,   7.1175E-006,   1.0840E-004,   1.1563E-004,   9.2650E-007,  
608.078,   7.8965E-006,   1.0547E-004,   1.2148E-004,   8.5300E-007,  
610.078,   7.4145E-006,   1.0881E-004,   1.2879E-004,   9.4000E-007,  
612.078,   7.2480E-006,   1.0684E-004,   1.3400E-004,   1.0175E-006,  
614.078,   7.5290E-006,   1.0622E-004,   1.3406E-004,   9.7800E-007,  
616.078,   7.4515E-006,   1.0680E-004,   1.2446E-004,   1.0185E-006,  
618.078,   7.1155E-006,   1.0825E-004,   1.1813E-004,   1.0705E-006,  
620.063,   7.5460E-006,   1.0642E-004,   1.2804E-004,   9.2800E-007,  
622.078,   7.1885E-006,   1.0680E-004,   1.2105E-004,   9.7700E-007,  
624.078,   7.2145E-006,   1.0955E-004,   1.2616E-004,   1.1325E-006,  
626.063,   7.0825E-006,   1.0758E-004,   1.4910E-004,   1.0695E-006,  
628.078,   7.3850E-006,   1.0306E-004,   1.3120E-004,   1.1980E-006,  
630.078,   7.5650E-006,   1.0633E-004,   1.1752E-004,   8.8050E-007,  
632.063,   7.1845E-006,   1.0718E-004,   1.1351E-004,   9.0600E-007,  
634.078,   7.4545E-006,   1.0663E-004,   1.1590E-004,   8.0750E-007,  
636.078,   7.0900E-006,   1.0726E-004,   1.1689E-004,   1.1560E-006,  
638.063,   7.1590E-006,   1.0855E-004,   1.2625E-004,   1.3375E-006,  
640.078,   6.9835E-006,   1.0896E-004,   1.2039E-004,   1.1290E-006,  
642.078,   7.6540E-006,   1.0661E-004,   1.3566E-004,   8.2250E-007,  
644.078,   7.0785E-006,   1.0597E-004,   1.5333E-004,   1.0815E-006,  
646.078,   7.1080E-006,   1.0333E-004,   1.2450E-004,   1.2180E-006,  
648.078,   7.3885E-006,   1.0815E-004,   1.1908E-004,   1.3295E-006,  
650.078,   7.4670E-006,   1.0699E-004,   1.1353E-004,   9.8250E-007,  
652.063,   7.5225E-006,   1.0544E-004,   1.1293E-004,   9.4800E-007,  
654.078,   7.1165E-006,   1.0635E-004,   1.1547E-004,   8.7000E-007,  
656.078,   7.0650E-006,   1.0521E-004,   1.2637E-004,   1.0075E-006,  
658.063,   7.1000E-006,   1.0615E-004,   1.5075E-004,   1.0250E-006,  
660.078,   6.9925E-006,   1.0496E-004,   1.3990E-004,   1.1790E-006,  
662.078,   7.7245E-006,   1.0544E-004,   1.2090E-004,   9.0850E-007,  
664.063,   7.0405E-006,   1.0314E-004,   1.1725E-004,   1.0495E-006,  
666.078,   7.5785E-006,   1.0606E-004,   1.1753E-004,   1.0115E-006,  
668.078,   7.6010E-006,   1.0237E-004,   1.1898E-004,   7.9750E-007,  
670.063,   6.9980E-006,   1.0347E-004,   1.2159E-004,   1.1210E-006,  
672.078,   7.3770E-006,   1.0564E-004,   1.2701E-004,   9.8650E-007,  
674.078,   7.7340E-006,   1.0527E-004,   1.1588E-004,   8.8150E-007,  
676.078,   7.2165E-006,   1.0531E-004,   1.3791E-004,   8.1200E-007,  
678.078,   7.1440E-006,   1.0449E-004,   1.2982E-004,   1.1000E-006,  
680.078,   7.0975E-006,   1.0142E-004,   1.2031E-004,   8.2200E-007,  
682.078,   7.3040E-006,   1.0375E-004,   1.1476E-004,   1.0285E-006,  
684.078,   7.7605E-006,   1.0279E-004,   1.1576E-004,   1.2685E-006,  
686.094,   7.0135E-006,   1.0183E-004,   1.1958E-004,   1.0095E-006,  
688.078,   7.2570E-006,   1.0145E-004,   1.2179E-004,   1.0560E-006,  
690.078,   7.0315E-006,   1.0252E-004,   1.2884E-004,   1.0030E-006,  
692.078,   6.9645E-006,   1.0410E-004,   1.3547E-004,   9.0450E-007,  
694.110,   7.1960E-006,   1.0192E-004,   1.5780E-004,   9.4700E-007,  
696.078,   7.2855E-006,   1.0386E-004,   1.3020E-004,   9.2100E-007,  
698.078,   7.1005E-006,   1.0208E-004,   1.2194E-004,   9.8100E-007,  
700.078,   7.0620E-006,   1.0110E-004,   1.1860E-004,   1.1000E-006,  
702.078,   7.2995E-006,   1.0228E-004,   1.1569E-004,   8.7200E-007,  
704.063,   7.4115E-006,   1.0238E-004,   1.2252E-004,   1.0605E-006,  
706.094,   7.2935E-006,   1.0128E-004,   1.3366E-004,   9.3750E-007,  
708.063,   7.0585E-006,   1.0138E-004,   1.3036E-004,   8.8700E-007,  
710.078,   7.1160E-006,   1.0154E-004,   1.2270E-004,   9.8100E-007,  
712.078,   6.8460E-006,   1.0002E-004,   1.2426E-004,   8.2800E-007,  
714.063,   7.2650E-006,   1.0283E-004,   1.1877E-004,   1.0985E-006,  
716.094,   6.9785E-006,   1.0317E-004,   1.4114E-004,   8.1850E-007,  
718.078,   7.0550E-006,   1.0140E-004,   1.3949E-004,   9.7650E-007,  
720.094,   7.2205E-006,   1.0145E-004,   1.2901E-004,   1.1690E-006,  
722.078,   7.0845E-006,   9.9062E-005,   1.2665E-004,   1.0715E-006,  
724.094,   6.8035E-006,   1.0103E-004,   1.2070E-004,   1.1570E-006,  
726.094,   7.5240E-006,   1.0330E-004,   1.4054E-004,   9.4200E-007,  
728.094,   7.0405E-006,   1.0102E-004,   1.2543E-004,   9.3650E-007,  
730.094,   6.8670E-006,   1.0104E-004,   1.2139E-004,   1.1360E-006,  
732.094,   7.0080E-006,   1.0005E-004,   1.2691E-004,   9.9350E-007,  
734.094,   6.8905E-006,   1.0137E-004,   1.2330E-004,   1.1270E-006,  
736.094,   7.0045E-006,   1.0087E-004,   1.2159E-004,   9.4700E-007,  
738.094,   7.1755E-006,   1.0160E-004,   1.3289E-004,   7.5700E-007,  
740.094,   7.0970E-006,   1.0096E-004,   1.5299E-004,   9.5750E-007,  
742.094,   7.0330E-006,   1.0356E-004,   1.3690E-004,   8.5900E-007,  
744.094,   7.0550E-006,   1.0196E-004,   1.3729E-004,   1.0920E-006,  
746.094,   6.7090E-006,   1.0157E-004,   1.2334E-004,   8.8050E-007,  
748.078,   6.9445E-006,   9.9313E-005,   1.1956E-004,   8.5300E-007,  
750.078,   7.0230E-006,   9.9281E-005,   1.2030E-004,   1.1245E-006,  
752.094,   7.2480E-006,   1.0137E-004,   1.2689E-004,   8.0800E-007,  
754.094,   6.6070E-006,   9.9255E-005,   1.3051E-004,   8.3200E-007,  
756.094,   7.4785E-006,   1.0111E-004,   1.3123E-004,   1.0710E-006,  
758.078,   6.7500E-006,   9.9673E-005,   1.2439E-004,   8.5700E-007,  
760.094,   6.9120E-006,   1.0068E-004,   1.3667E-004,   9.4900E-007,  
762.094,   6.9745E-006,   9.8462E-005,   1.2188E-004,   8.7200E-007,  
764.094,   6.9915E-006,   9.8503E-005,   1.3548E-004,   1.0830E-006,  
766.110,   7.0280E-006,   9.7485E-005,   1.2528E-004,   8.0500E-007,  
768.078,   6.6835E-006,   9.9076E-005,   1.2232E-004,   7.3200E-007,  
770.094,   6.8825E-006,   9.8638E-005,   1.2049E-004,   8.1000E-007,  
772.094,   6.8275E-006,   9.9318E-005,   1.3388E-004,   9.8700E-007,  
774.094,   7.3385E-006,   9.8784E-005,   1.2136E-004,   1.0620E-006,  
776.094,   7.0230E-006,   9.6308E-005,   1.1880E-004,   8.3200E-007,  
778.094,   7.1425E-006,   9.8231E-005,   1.3261E-004,   8.9450E-007,  
780.078,   6.8530E-006,   9.8028E-005,   1.3932E-004,   7.4450E-007,  
782.094,   7.1315E-006,   9.9518E-005,   1.2784E-004,   9.1950E-007,  
784.094,   6.5095E-006,   9.9950E-005,   1.2808E-004,   7.0700E-007,  
786.078,   6.8485E-006,   9.7211E-005,   1.3288E-004,   8.9550E-007,  
788.094,   7.3650E-006,   9.9623E-005,   1.2984E-004,   8.6100E-007,  
790.094,   6.7990E-006,   9.6842E-005,   1.3611E-004,   9.0500E-007,  
792.078,   6.6240E-006,   9.7755E-005,   1.2485E-004,   6.7450E-007,  
794.094,   6.9860E-006,   9.8519E-005,   1.2009E-004,   1.0095E-006,  
796.110,   7.1365E-006,   9.9750E-005,   1.2885E-004,   9.5000E-007,  
798.094,   7.1145E-006,   9.7660E-005,   1.2480E-004,   1.1590E-006,  
800.094,   7.0695E-006,   9.6247E-005,   1.3388E-004,   7.6500E-007,  
802.094,   6.7585E-006,   9.8441E-005,   1.3273E-004,   8.7300E-007,  
804.094,   6.7660E-006,   9.7315E-005,   1.3439E-004,   1.1050E-006,  
806.094,   7.2120E-006,   9.5690E-005,   1.7432E-004,   7.5650E-007,  
808.094,   6.9445E-006,   9.6605E-005,   1.3526E-004,   8.4600E-007,  
810.110,   6.7730E-006,   9.7445E-005,   1.2628E-004,   1.0060E-006,  
812.110,   6.8760E-006,   9.7731E-005,   1.2090E-004,   8.8650E-007,  
814.110,   6.8590E-006,   9.6367E-005,   1.2553E-004,   7.9500E-007,  
816.110,   6.7240E-006,   9.5856E-005,   1.2324E-004,   1.0565E-006,  
818.110,   6.9600E-006,   9.6229E-005,   1.3688E-004,   9.0150E-007,  
820.110,   7.0280E-006,   9.5052E-005,   1.3216E-004,   6.9150E-007,  
822.110,   6.8205E-006,   9.6241E-005,   1.3694E-004,   9.4550E-007,  
824.110,   6.6065E-006,   9.6009E-005,   1.3298E-004,   1.1235E-006,  
826.110,   7.1305E-006,   9.3936E-005,   1.4636E-004,   8.0900E-007,  
828.110,   7.3245E-006,   9.5884E-005,   1.1982E-004,   8.9300E-007,  
830.110,   6.6480E-006,   9.8453E-005,   1.2743E-004,   1.0125E-006,  
832.110,   6.6660E-006,   9.7997E-005,   1.2770E-004,   7.9300E-007,  
834.110,   6.5920E-006,   9.6177E-005,   1.2615E-004,   7.6500E-007,  
836.110,   7.0095E-006,   9.6817E-005,   1.4023E-004,   1.0500E-006,  
838.110,   7.1780E-006,   9.4911E-005,   1.3280E-004,   1.0525E-006,  
840.094,   7.0065E-006,   9.3070E-005,   1.4299E-004,   8.4400E-007,  
842.110,   6.8985E-006,   9.4731E-005,   1.3041E-004,   1.1265E-006,  
844.110,   6.8215E-006,   9.5106E-005,   1.2538E-004,   6.1150E-007,  
846.094,   6.9410E-006,   9.5163E-005,   1.2033E-004,   1.1910E-006,  
848.110,   6.9865E-006,   9.7958E-005,   1.3535E-004,   9.8600E-007,  
850.110,   6.7975E-006,   9.2782E-005,   1.3632E-004,   9.7500E-007,  
852.110,   6.9715E-006,   9.3843E-005,   1.2814E-004,   1.1550E-006,  
854.110,   6.7485E-006,   9.4588E-005,   1.5940E-004,   9.4800E-007,  
856.094,   6.5185E-006,   9.5592E-005,   1.3983E-004,   8.8950E-007,  
858.110,   6.6805E-006,   9.6328E-005,   1.4148E-004,   9.9650E-007,  
860.094,   6.9745E-006,   9.4449E-005,   1.3701E-004,   1.2530E-006,  
862.094,   7.1180E-006,   9.5934E-005,   1.3229E-004,   1.1335E-006,  
864.094,   6.7250E-006,   9.5633E-005,   1.3685E-004,   8.0900E-007,  
866.094,   6.7255E-006,   9.4131E-005,   1.2909E-004,   9.4800E-007,  
868.110,   7.1485E-006,   9.6876E-005,   1.3486E-004,   8.2450E-007,  
870.110,   6.8665E-006,   9.6676E-005,   1.3907E-004,   1.0020E-006,  
872.110,   6.6395E-006,   9.4777E-005,   1.3327E-004,   8.8550E-007,  
874.110,   6.7005E-006,   9.2020E-005,   1.2372E-004,   6.8750E-007,  
876.110,   6.5565E-006,   9.4980E-005,   1.4660E-004,   1.0090E-006,  
878.110,   6.6815E-006,   9.2621E-005,   1.4811E-004,   8.2100E-007,  
880.110,   6.8690E-006,   9.1528E-005,   1.3610E-004,   8.9150E-007,  
882.094,   7.2155E-006,   9.5535E-005,   1.2544E-004,   1.0795E-006,  
884.110,   6.6065E-006,   9.2811E-005,   1.2464E-004,   9.9500E-007,  
886.125,   6.5720E-006,   9.3842E-005,   1.3760E-004,   7.5000E-007,  
888.094,   6.2735E-006,   9.1605E-005,   1.4777E-004,   1.0195E-006,  
890.110,   6.6685E-006,   9.1020E-005,   1.2812E-004,   9.3100E-007,  
892.110,   6.8380E-006,   9.5831E-005,   1.4711E-004,   1.0520E-006,  
894.094,   6.9870E-006,   9.2497E-005,   1.4692E-004,   8.7700E-007,  
896.110,   6.7890E-006,   9.3297E-005,   1.2643E-004,   7.4700E-007,  
898.110,   6.9800E-006,   9.3089E-005,   1.2655E-004,   1.0290E-006,  
900.110,   6.8690E-006,   9.3158E-005,   1.2417E-004,   8.6150E-007,  
902.110,   6.3930E-006,   9.4762E-005,   1.2870E-004,   8.5050E-007,  
904.094,   6.5960E-006,   9.4571E-005,   1.3241E-004,   7.4600E-007,  
906.110,   6.5155E-006,   9.2360E-005,   1.3586E-004,   7.4250E-007,  
908.110,   6.6440E-006,   9.1579E-005,   1.3848E-004,   9.9300E-007,  
910.094,   7.0745E-006,   9.1777E-005,   1.5390E-004,   8.6950E-007,  
912.110,   7.0620E-006,   9.3753E-005,   1.3922E-004,   1.5625E-006,  
914.110,   6.9345E-006,   9.4552E-005,   1.2879E-004,   1.1070E-006,  
916.110,   6.7270E-006,   9.3995E-005,   1.4585E-004,   8.5100E-007,  
918.094,   6.5045E-006,   9.1565E-005,   1.4649E-004,   7.5700E-007,  
920.125,   6.9655E-006,   9.1754E-005,   1.2857E-004,   1.0465E-006,  
922.110,   7.1990E-006,   9.1136E-005,   1.3776E-004,   1.0765E-006,  
924.110,   6.6680E-006,   9.0162E-005,   1.2788E-004,   1.0305E-006,  
926.094,   6.5115E-006,   9.1202E-005,   1.2953E-004,   6.2350E-007,  
928.110,   6.5025E-006,   9.1185E-005,   1.5159E-004,   7.8350E-007,  
930.110,   6.4230E-006,   9.2869E-005,   1.4951E-004,   8.5300E-007,  
932.094,   6.8165E-006,   9.1682E-005,   1.3496E-004,   1.0865E-006,  
934.110,   6.4425E-006,   9.1792E-005,   1.2569E-004,   9.7050E-007,  
936.110,   6.5325E-006,   9.3313E-005,   1.2937E-004,   8.8300E-007,  
938.110,   6.4415E-006,   9.2469E-005,   1.3687E-004,   8.6100E-007,  
940.110,   6.8095E-006,   9.4334E-005,   1.5220E-004,   1.0955E-006,  
942.110,   6.4830E-006,   9.1190E-005,   1.3397E-004,   8.8600E-007,  
944.094,   6.4790E-006,   9.1487E-005,   1.2947E-004,   1.0635E-006,  
946.110,   6.4470E-006,   9.1663E-005,   1.5312E-004,   7.9800E-007,  
948.110,   6.4225E-006,   9.2530E-005,   1.4582E-004,   4.8750E-007,  
950.110,   6.3675E-006,   8.9878E-005,   1.3397E-004,   7.6850E-007,  
952.094,   6.6345E-006,   9.0668E-005,   1.3341E-004,   1.0985E-006,  
954.110,   6.9795E-006,   8.9356E-005,   1.2975E-004,   1.0325E-006,  
956.110,   6.6740E-006,   9.2040E-005,   1.3062E-004,   9.1550E-007,  
958.110,   6.4415E-006,   9.0556E-005,   1.5760E-004,   9.1100E-007,  
960.110,   6.7605E-006,   9.1102E-005,   1.6793E-004,   7.0300E-007,  
962.110,   6.5755E-006,   9.0685E-005,   1.3089E-004,   9.3100E-007,  
964.110,   7.2540E-006,   8.9200E-005,   1.3511E-004,   7.8350E-007,  
966.110,   6.5985E-006,   9.2386E-005,   1.3209E-004,   8.4000E-007,  
968.110,   6.3750E-006,   8.9443E-005,   1.3578E-004,   9.6400E-007,  
970.110,   7.6380E-006,   8.8239E-005,   1.3162E-004,   6.5850E-007,  
972.094,   6.7315E-006,   9.0785E-005,   1.3138E-004,   1.0550E-006,  
974.110,   7.0590E-006,   8.7697E-005,   1.5187E-004,   1.0550E-006,  
976.110,   6.7790E-006,   8.9473E-005,   1.4739E-004,   1.0465E-006,  
978.110,   6.5560E-006,   8.8653E-005,   1.5105E-004,   8.7850E-007,  
980.110,   6.2735E-006,   9.1048E-005,   1.3383E-004,   8.0600E-007,  
982.110,   6.5245E-006,   8.7952E-005,   1.3198E-004,   7.7500E-007,  
984.110,   6.1605E-006,   8.9572E-005,   1.3768E-004,   9.7800E-007,  
986.110,   6.7200E-006,   8.7624E-005,   1.4434E-004,   1.3170E-006,  
988.110,   7.0775E-006,   9.0339E-005,   1.5789E-004,   9.1700E-007,  
990.110,   6.1070E-006,   8.8291E-005,   1.5017E-004,   9.5300E-007,  
992.110,   6.7395E-006,   8.9303E-005,   1.3648E-004,   1.1595E-006,  
994.110,   6.9900E-006,   9.0846E-005,   1.4029E-004,   9.8600E-007,  
996.110,   7.0035E-006,   9.0095E-005,   1.2771E-004,   9.0900E-007,  
998.094,   6.7165E-006,   8.7280E-005,   1.3045E-004,   1.0345E-006,  
1000.110,   6.2345E-006,   8.9143E-005,   1.6404E-004,   8.4550E-007,  
1002.110,   6.7360E-006,   8.7133E-005,   1.7651E-004,   9.6000E-007,  
1004.110,   6.5570E-006,   8.9212E-005,   1.4496E-004,   8.4950E-007,  
1006.110,   6.3620E-006,   8.6439E-005,   1.3373E-004,   8.2550E-007,  
1008.110,   6.5185E-006,   8.9361E-005,   1.3595E-004,   6.7200E-007,  
1010.110,   6.5920E-006,   8.8000E-005,   1.2349E-004,   8.6800E-007,  
1012.110,   6.3690E-006,   8.9542E-005,   1.2937E-004,   7.9650E-007,  
1014.110,   6.3420E-006,   8.5506E-005,   1.3080E-004,   9.8350E-007,  
1016.110,   6.1750E-006,   8.8314E-005,   1.3345E-004,   8.5250E-007,  
1018.110,   6.5740E-006,   8.5187E-005,   1.4493E-004,   1.1345E-006,  
1020.110,   6.3220E-006,   8.5092E-005,   1.6163E-004,   6.6200E-007,  
1022.125,   6.2550E-006,   8.7207E-005,   1.6135E-004,   7.5350E-007,  
1024.094,   6.3275E-006,   8.8740E-005,   1.3492E-004,   1.1840E-006,  
1026.110,   6.2500E-006,   8.5338E-005,   1.3188E-004,   7.7500E-007,  
1028.110,   6.2035E-006,   8.8945E-005,   1.3710E-004,   1.1230E-006,  
1030.110,   6.5160E-006,   8.9569E-005,   1.5102E-004,   1.1610E-006,  
1032.110,   6.4725E-006,   8.7651E-005,   1.6228E-004,   7.3050E-007,  
1034.094,   6.4545E-006,   8.6765E-005,   1.3321E-004,   9.5650E-007,  
1036.110,   6.8300E-006,   8.7272E-005,   1.3739E-004,   9.7350E-007,  
1038.125,   6.6470E-006,   9.0498E-005,   1.3024E-004,   8.6300E-007,  
1040.110,   6.6590E-006,   8.4406E-005,   1.3126E-004,   1.0035E-006,  
1042.110,   6.5340E-006,   8.6365E-005,   1.4478E-004,   6.8750E-007,  
1044.110,   6.5240E-006,   8.8251E-005,   1.4804E-004,   9.3300E-007,  
1046.094,   6.7660E-006,   8.8016E-005,   1.4717E-004,   1.0930E-006,  
1048.110,   6.5200E-006,   8.8756E-005,   1.4825E-004,   8.7300E-007,  
1050.110,   6.4425E-006,   8.4737E-005,   1.3813E-004,   8.2900E-007,  
1052.110,   6.6435E-006,   8.6794E-005,   1.3489E-004,   9.9550E-007,  
1054.125,   6.2410E-006,   8.6890E-005,   1.3611E-004,   7.9150E-007,  
1056.110,   6.6680E-006,   8.5367E-005,   1.4893E-004,   1.0440E-006,  
1058.094,   6.6110E-006,   8.8273E-005,   1.7593E-004,   7.4850E-007,  
1060.110,   6.5490E-006,   8.8117E-005,   1.3930E-004,   9.3750E-007,  
1062.110,   6.8850E-006,   8.7054E-005,   1.3359E-004,   9.7100E-007,  
1064.110,   6.5110E-006,   8.6015E-005,   1.3949E-004,   6.4000E-007,  
1066.110,   6.2250E-006,   8.6707E-005,   1.4549E-004,   1.0100E-006,  
1068.110,   6.3145E-006,   8.3940E-005,   1.3707E-004,   7.1750E-007,  
1070.110,   6.6160E-006,   8.8206E-005,   1.3227E-004,   8.4950E-007,  
1072.110,   6.4650E-006,   8.6933E-005,   1.3502E-004,   1.2500E-006,  
1074.110,   6.1705E-006,   8.6564E-005,   1.4995E-004,   6.7050E-007,  
1076.110,   6.1670E-006,   8.6587E-005,   1.4023E-004,   1.0075E-006,  
1078.110,   6.0600E-006,   8.4079E-005,   1.3804E-004,   7.4450E-007,  
1080.110,   6.1670E-006,   8.6212E-005,   1.6653E-004,   1.0510E-006,  
1082.094,   6.2920E-006,   8.8749E-005,   1.3698E-004,   8.6000E-007,  
1084.125,   6.4790E-006,   8.5896E-005,   1.2937E-004,   8.1050E-007,  
1086.094,   6.2900E-006,   8.7437E-005,   1.3104E-004,   6.4250E-007,  
1088.110,   6.0120E-006,   8.6512E-005,   1.3393E-004,   7.2700E-007,  
1090.110,   6.1695E-006,   8.8035E-005,   1.4702E-004,   9.1300E-007,  
1092.110,   6.2870E-006,   8.5619E-005,   1.5147E-004,   6.8050E-007,  
1094.110,   6.7045E-006,   8.6770E-005,   1.4804E-004,   7.7600E-007,  
1096.110,   6.2385E-006,   8.7343E-005,   1.5863E-004,   9.3150E-007,  
1098.110,   6.0155E-006,   8.5121E-005,   1.4920E-004,   6.6950E-007,  
1100.110,   6.0795E-006,   8.4118E-005,   1.4494E-004,   1.0265E-006,  
1102.110,   6.4500E-006,   8.7196E-005,   1.3639E-004,   8.9600E-007,  
1104.110,   6.2785E-006,   8.4365E-005,   1.3479E-004,   8.4400E-007,  
1106.110,   6.1315E-006,   8.3195E-005,   1.5356E-004,   1.0645E-006,  
1108.110,   6.1920E-006,   8.5135E-005,   1.5814E-004,   8.5700E-007,  
1110.094,   6.0460E-006,   8.5177E-005,   1.4069E-004,   1.0450E-006,  
1112.110,   6.1675E-006,   8.5265E-005,   1.3332E-004,   8.9000E-007,  
1114.110,   6.0535E-006,   8.3780E-005,   1.3459E-004,   7.8950E-007,  
1116.110,   6.1950E-006,   8.2655E-005,   1.4558E-004,   9.2550E-007,  
1118.125,   6.2850E-006,   8.5930E-005,   1.4258E-004,   6.0800E-007,  
1120.110,   6.1020E-006,   8.4126E-005,   1.5151E-004,   5.8100E-007,  
1122.125,   5.8265E-006,   8.4699E-005,   1.4195E-004,   1.0185E-006,  
1124.125,   6.1540E-006,   8.7226E-005,   1.3559E-004,   8.9250E-007,  
1126.141,   6.3305E-006,   8.2718E-005,   1.6387E-004,   8.6700E-007,  
1128.125,   5.9240E-006,   8.5259E-005,   1.6997E-004,   6.6800E-007,  
1130.125,   5.8085E-006,   8.4742E-005,   1.3916E-004,   6.0900E-007,  
1132.125,   5.9550E-006,   8.4026E-005,   1.5657E-004,   7.8600E-007,  
1134.125,   5.8035E-006,   8.5630E-005,   1.3949E-004,   9.8350E-007,  
1136.125,   6.3530E-006,   8.5739E-005,   1.3682E-004,   8.0750E-007,  
1138.125,   6.0120E-006,   8.5506E-005,   1.3104E-004,   6.7400E-007,  
1140.125,   5.9970E-006,   8.5815E-005,   1.3951E-004,   6.4050E-007,  
1142.125,   6.3010E-006,   8.6814E-005,   1.5415E-004,   8.9250E-007,  
1144.125,   6.3760E-006,   8.6346E-005,   1.5987E-004,   6.8550E-007,  
1146.125,   6.1030E-006,   8.3439E-005,   1.4847E-004,   1.0410E-006,  
1148.125,   6.0565E-006,   8.5825E-005,   1.5589E-004,   8.1950E-007,  
1150.110,   6.0715E-006,   8.5416E-005,   1.3856E-004,   6.9000E-007,  
1152.141,   6.1600E-006,   8.7198E-005,   1.3938E-004,   6.2250E-007,  
1154.141,   6.3885E-006,   8.2944E-005,   1.3675E-004,   9.4150E-007,  
1156.141,   6.0380E-006,   8.6513E-005,   1.3512E-004,   7.6850E-007,  
1158.125,   6.3910E-006,   8.5543E-005,   1.4851E-004,   7.3300E-007,  
1160.141,   6.0890E-006,   8.4753E-005,   1.5387E-004,   5.8750E-007,  
1162.125,   5.8590E-006,   8.4830E-005,   1.4909E-004,   9.3600E-007,  
1164.141,   5.9260E-006,   8.2952E-005,   1.5351E-004,   1.1280E-006,  
1166.125,   6.3625E-006,   8.3446E-005,   1.4054E-004,   6.0650E-007,  
1168.141,   5.8110E-006,   8.4425E-005,   1.4959E-004,   6.6200E-007,  
1170.141,   5.8260E-006,   8.2599E-005,   1.5766E-004,   5.8800E-007,  
1172.141,   5.8075E-006,   8.6059E-005,   1.6187E-004,   1.0530E-006,  
1174.125,   6.1865E-006,   8.5443E-005,   1.4068E-004,   7.0100E-007,  
1176.141,   5.9185E-006,   8.3820E-005,   1.3596E-004,   8.7200E-007,  
1178.141,   5.9030E-006,   8.3992E-005,   1.3613E-004,   7.1300E-007,  
1180.125,   5.9735E-006,   8.5669E-005,   1.4820E-004,   7.8550E-007,  
1182.141,   5.9880E-006,   8.4679E-005,   1.4014E-004,   8.4500E-007,  
1184.141,   6.3085E-006,   8.3849E-005,   1.3933E-004,   6.6550E-007,  
1186.141,   6.0785E-006,   8.3460E-005,   1.4134E-004,   7.8750E-007,  
1188.141,   5.8980E-006,   8.4191E-005,   1.4900E-004,   7.9600E-007,  
1190.141,   5.6415E-006,   8.2606E-005,   1.4464E-004,   9.5800E-007,  
1192.141,   6.2495E-006,   8.1630E-005,   1.5890E-004,   9.3250E-007,  
1194.141,   5.8295E-006,   8.5471E-005,   1.4608E-004,   7.6150E-007,  
1196.125,   6.2590E-006,   8.5159E-005,   1.3334E-004,   1.0235E-006,  
1198.141,   6.1650E-006,   8.2559E-005,   1.3225E-004,   8.6550E-007,  
1200.141,   6.0255E-006,   8.2164E-005,   1.3670E-004,   7.0450E-007,  
1202.141,   6.3450E-006,   8.2128E-005,   1.4099E-004,   7.5600E-007,  
1204.125,   6.1855E-006,   8.3545E-005,   1.6131E-004,   8.6800E-007,  
1206.141,   6.1425E-006,   8.2760E-005,   1.5623E-004,   8.9150E-007,  
1208.141,   6.0705E-006,   8.1440E-005,   1.7137E-004,   9.4250E-007,  
1210.141,   6.2670E-006,   8.2255E-005,   1.5105E-004,   6.7800E-007,  
1212.141,   5.8170E-006,   8.2308E-005,   1.3873E-004,   7.1600E-007,  
1214.141,   5.7220E-006,   8.1162E-005,   1.3580E-004,   9.1700E-007,  
1216.125,   6.0455E-006,   8.0744E-005,   1.3346E-004,   6.8300E-007,  
1218.141,   5.8150E-006,   8.0881E-005,   1.3402E-004,   7.8450E-007,  
1220.141,   6.1950E-006,   8.0061E-005,   1.3040E-004,   7.0900E-007,  
1222.141,   6.3650E-006,   8.1393E-005,   1.5745E-004,   8.0900E-007,  
1224.125,   5.5205E-006,   8.2051E-005,   1.6211E-004,   9.5400E-007,  
1226.141,   5.9175E-006,   8.1504E-005,   1.8829E-004,   8.2100E-007,  
1228.141,   5.9955E-006,   7.9583E-005,   1.4408E-004,   8.7350E-007,  
1230.141,   5.8210E-006,   8.3985E-005,   1.3339E-004,   1.0535E-006,  
1232.141,   5.8815E-006,   8.0437E-005,   1.3835E-004,   8.0100E-007,  
1234.141,   6.3145E-006,   8.0756E-005,   1.3817E-004,   7.0900E-007,  
1236.141,   6.1785E-006,   8.1748E-005,   1.3697E-004,   6.7900E-007,  
1238.157,   5.9385E-006,   8.0037E-005,   1.3663E-004,   7.1550E-007,  
1240.157,   5.9430E-006,   8.3119E-005,   1.4421E-004,   1.0105E-006,  
1242.141,   6.1510E-006,   7.9770E-005,   1.6573E-004,   1.1060E-006,  
1244.157,   6.5040E-006,   8.0637E-005,   1.6840E-004,   7.0850E-007,  
1246.172,   5.9640E-006,   8.0593E-005,   1.6149E-004,   8.3700E-007,  
1248.157,   6.0655E-006,   8.2181E-005,   1.3676E-004,   7.3800E-007,  
1250.157,   5.8495E-006,   8.2421E-005,   1.3254E-004,   9.3750E-007,  
1252.141,   5.9000E-006,   8.3087E-005,   1.3192E-004,   9.8300E-007,  
1254.157,   6.1330E-006,   7.9879E-005,   1.3610E-004,   8.5000E-007,  
1256.157,   5.8925E-006,   8.2101E-005,   1.5339E-004,   8.5450E-007,  
1258.157,   5.8780E-006,   8.1828E-005,   1.6100E-004,   1.0085E-006,  
1260.157,   5.8715E-006,   8.0346E-005,   1.4150E-004,   8.8300E-007,  
1262.157,   6.1305E-006,   8.1996E-005,   1.4682E-004,   1.0090E-006,  
1264.157,   5.9955E-006,   8.1285E-005,   1.5628E-004,   7.5400E-007,  
1266.157,   5.6750E-006,   8.0107E-005,   1.4566E-004,   1.0050E-006,  
1268.157,   6.3975E-006,   8.0774E-005,   1.3680E-004,   7.2450E-007,  
1270.157,   5.6750E-006,   7.7348E-005,   1.3545E-004,   9.8450E-007,  
1272.157,   5.7230E-006,   7.9872E-005,   1.4105E-004,   1.0095E-006,  
1274.141,   5.8880E-006,   8.0134E-005,   1.7071E-004,   8.8700E-007,  
1276.157,   5.9180E-006,   7.7845E-005,   1.9080E-004,   7.9900E-007,  
1278.157,   6.0835E-006,   8.0068E-005,   1.5418E-004,   7.0350E-007,  
1280.157,   5.9140E-006,   7.7467E-005,   1.3984E-004,   8.3400E-007,  
1282.157,   5.8140E-006,   8.2054E-005,   1.3621E-004,   9.2900E-007,  
1284.141,   5.8750E-006,   7.8875E-005,   1.3964E-004,   7.4950E-007,  
1286.157,   5.9145E-006,   8.0214E-005,   1.4071E-004,   9.2400E-007,  
1288.157,   6.0675E-006,   7.9759E-005,   1.4136E-004,   7.2750E-007,  
1290.157,   5.5350E-006,   8.0765E-005,   1.7672E-004,   8.3150E-007,  
1292.141,   5.8565E-006,   7.7104E-005,   1.6829E-004,   8.0850E-007,  
1294.157,   5.9735E-006,   7.8857E-005,   1.4326E-004,   6.5250E-007,  
1296.157,   5.6800E-006,   8.0787E-005,   1.5407E-004,   7.3950E-007,  
1298.157,   5.8805E-006,   7.9704E-005,   1.4072E-004,   4.4450E-007,  
1300.141,   6.1445E-006,   7.7982E-005,   1.4478E-004,   7.7250E-007,  
1302.157,   5.7650E-006,   7.7383E-005,   1.3987E-004,   6.6700E-007,  
1304.157,   5.6460E-006,   7.8212E-005,   1.4184E-004,   5.9900E-007,  
1306.157,   6.3245E-006,   7.9613E-005,   1.8288E-004,   8.5000E-007,  
1308.172,   5.8310E-006,   7.8163E-005,   1.5492E-004,   1.0780E-006,  
1310.157,   6.2645E-006,   7.7541E-005,   1.3858E-004,   9.5300E-007,  
1312.157,   5.6765E-006,   8.0312E-005,   1.3466E-004,   8.9800E-007,  
1314.157,   5.5740E-006,   7.8416E-005,   1.3871E-004,   6.3050E-007,  
1316.157,   5.6395E-006,   8.0609E-005,   1.3978E-004,   9.8650E-007,  
1318.157,   5.9460E-006,   7.8299E-005,   1.4512E-004,   6.2050E-007,  
1320.141,   5.9745E-006,   7.8544E-005,   1.5464E-004,   7.9700E-007,  
1322.157,   5.8585E-006,   7.7599E-005,   1.5680E-004,   6.2000E-007,  
1324.157,   5.6235E-006,   7.8633E-005,   1.5318E-004,   8.3800E-007,  
1326.157,   6.1900E-006,   7.7297E-005,   1.5794E-004,   8.1150E-007,  
1328.157,   5.4750E-006,   7.9340E-005,   1.4514E-004,   8.2400E-007,  
1330.157,   5.5210E-006,   7.5244E-005,   1.4860E-004,   9.7700E-007,  
1332.157,   5.6160E-006,   7.8315E-005,   1.3606E-004,   6.3850E-007,  
1334.157,   5.7365E-006,   7.7695E-005,   1.5168E-004,   7.9750E-007,  
1336.157,   6.0145E-006,   7.8876E-005,   1.6867E-004,   9.5550E-007,  
1338.141,   5.6750E-006,   7.5836E-005,   1.4704E-004,   8.7350E-007,  
1340.157,   5.4500E-006,   7.5299E-005,   1.3797E-004,   7.1750E-007,  
1342.157,   5.7735E-006,   7.8684E-005,   1.3841E-004,   6.9800E-007,  
1344.157,   5.5230E-006,   7.8002E-005,   1.4454E-004,   7.3650E-007,  
1346.157,   5.4230E-006,   7.7638E-005,   1.5136E-004,   5.0900E-007,  
1348.141,   5.9975E-006,   7.7464E-005,   1.6139E-004,   9.4450E-007,  
1350.157,   5.7200E-006,   7.6252E-005,   1.7084E-004,   5.2150E-007,  
1352.157,   5.5290E-006,   7.8030E-005,   1.4602E-004,   6.9700E-007,  
1354.157,   5.5655E-006,   7.5996E-005,   1.4074E-004,   8.3650E-007,  
1356.157,   5.9080E-006,   7.6648E-005,   1.3665E-004,   5.9850E-007,  
1358.157,   6.0970E-006,   7.8311E-005,   1.4279E-004,   9.7200E-007,  
1360.157,   5.4795E-006,   7.7007E-005,   1.4232E-004,   6.5050E-007,  
1362.157,   5.8625E-006,   7.6872E-005,   1.4201E-004,   9.1950E-007,  
1364.157,   5.6760E-006,   7.5571E-005,   1.6079E-004,   7.4500E-007,  
1366.157,   5.9140E-006,   7.5969E-005,   1.6000E-004,   6.2300E-007,  
1368.141,   6.1375E-006,   7.6768E-005,   1.4457E-004,   5.6200E-007,  
1370.157,   5.6380E-006,   7.6104E-005,   1.6339E-004,   7.2600E-007,  
1372.157,   5.8485E-006,   7.5535E-005,   1.5333E-004,   6.4200E-007,  
1374.157,   5.7425E-006,   7.6330E-005,   1.4294E-004,   7.6600E-007,  
1376.141,   5.8180E-006,   7.4556E-005,   1.3556E-004,   5.4100E-007,  
1378.157,   6.1070E-006,   7.5112E-005,   1.3613E-004,   8.4200E-007,  
1380.157,   5.7520E-006,   7.6648E-005,   1.4381E-004,   8.5000E-007,  
1382.157,   5.7285E-006,   7.6580E-005,   1.5970E-004,   6.5950E-007,  
1384.157,   5.7090E-006,   7.5050E-005,   1.7791E-004,   1.0165E-006,  
1386.141,   5.7400E-006,   7.7005E-005,   1.5185E-004,   7.2350E-007,  
1388.157,   5.6210E-006,   7.6994E-005,   1.4185E-004,   5.4100E-007,  
1390.157,   5.6030E-006,   7.5224E-005,   1.3802E-004,   6.7750E-007,  
1392.141,   5.6655E-006,   7.6511E-005,   1.4403E-004,   6.2750E-007,  
1394.157,   5.7225E-006,   7.6679E-005,   1.4050E-004,   8.3500E-007,  
1396.157,   5.5610E-006,   7.7386E-005,   1.7741E-004,   8.7050E-007,  
1398.157,   6.1150E-006,   7.7158E-005,   1.8772E-004,   7.0000E-007,  
1400.157,   5.7810E-006,   7.7458E-005,   1.4187E-004,   7.6500E-007,  
1402.157,   5.6985E-006,   7.4712E-005,   1.3700E-004,   6.8600E-007,  
1404.157,   5.4750E-006,   7.6294E-005,   1.3952E-004,   9.8850E-007,  
1406.157,   5.7650E-006,   7.6746E-005,   1.4028E-004,   7.9800E-007,  
1408.157,   5.7595E-006,   7.5288E-005,   1.4058E-004,   6.7450E-007,  
1410.141,   5.5545E-006,   7.3993E-005,   1.4599E-004,   8.2750E-007,  
1412.157,   5.9175E-006,   7.6030E-005,   1.4702E-004,   8.1000E-007,  
1414.141,   5.7135E-006,   7.3085E-005,   1.5364E-004,   7.3050E-007,  
1416.157,   5.5050E-006,   7.6868E-005,   1.9039E-004,   9.3850E-007,  
1418.141,   6.0530E-006,   7.5475E-005,   1.4957E-004,   6.3400E-007,  
1420.172,   5.3670E-006,   7.4065E-005,   1.4090E-004,   6.6100E-007,  
1422.157,   5.7205E-006,   7.4651E-005,   1.5691E-004,   8.3800E-007,  
1424.157,   5.6010E-006,   7.6235E-005,   1.4004E-004,   7.8800E-007,  
1426.172,   5.2390E-006,   7.7016E-005,   1.4233E-004,   8.2100E-007,  
1428.157,   5.3705E-006,   7.3135E-005,   1.3986E-004,   6.2050E-007,  
1430.157,   5.6815E-006,   7.4983E-005,   1.4547E-004,   6.6800E-007,  
1432.141,   5.5075E-006,   7.6569E-005,   1.7375E-004,   8.8650E-007,  
1434.157,   5.6440E-006,   7.4872E-005,   1.5903E-004,   5.4800E-007,  
1436.157,   5.9570E-006,   7.3301E-005,   1.4425E-004,   7.7550E-007,  
1438.141,   5.6465E-006,   7.4305E-005,   1.4539E-004,   5.1700E-007,  
1440.157,   5.8200E-006,   7.3436E-005,   1.3780E-004,   7.6250E-007,  
1442.157,   5.5650E-006,   7.2613E-005,   1.4738E-004,   7.0300E-007,  
1444.157,   5.6080E-006,   7.3864E-005,   1.5458E-004,   8.6750E-007,  
1446.157,   5.9655E-006,   7.4593E-005,   1.5941E-004,   8.4250E-007,  
1448.141,   5.4490E-006,   7.3080E-005,   1.5335E-004,   7.6150E-007,  
1450.157,   5.4310E-006,   7.3741E-005,   1.4163E-004,   6.6650E-007,  
1452.157,   5.3510E-006,   7.3979E-005,   1.4168E-004,   7.3050E-007,  
1454.157,   5.7210E-006,   7.4425E-005,   1.4177E-004,   8.2000E-007,  
1456.157,   5.5125E-006,   7.3848E-005,   1.4519E-004,   7.6800E-007,  
1458.157,   5.6695E-006,   7.4745E-005,   1.6160E-004,   8.0250E-007,  
1460.157,   5.8755E-006,   7.4057E-005,   1.5285E-004,   7.0550E-007,  
1462.172,   5.5240E-006,   7.1928E-005,   1.4925E-004,   7.7650E-007,  
1464.172,   5.4655E-006,   7.5582E-005,   1.6440E-004,   1.0255E-006,  
1466.172,   5.6445E-006,   7.4290E-005,   1.4435E-004,   6.4300E-007,  
1468.172,   5.5735E-006,   7.2387E-005,   1.3621E-004,   6.6500E-007,  
1470.172,   5.5205E-006,   7.3714E-005,   1.3646E-004,   6.5300E-007,  
1472.172,   5.7705E-006,   7.3712E-005,   1.3653E-004,   8.0200E-007,  
1474.172,   5.9690E-006,   7.2974E-005,   1.4403E-004,   7.1850E-007,  
1476.172,   5.8235E-006,   7.1829E-005,   1.5185E-004,   8.0650E-007,  
1478.172,   5.6235E-006,   7.2597E-005,   1.6497E-004,   6.8050E-007,  
1480.172,   5.5290E-006,   7.1993E-005,   1.5821E-004,   6.3950E-007,  
1482.172,   5.7030E-006,   7.3880E-005,   1.7215E-004,   7.0000E-007,  
1484.172,   6.1205E-006,   7.2621E-005,   1.5627E-004,   8.4500E-007,  
1486.172,   5.7135E-006,   7.3310E-005,   1.3838E-004,   6.4050E-007,  
1488.157,   5.7255E-006,   7.3041E-005,   1.3954E-004,   4.7000E-007,  
1490.172,   5.4670E-006,   7.2833E-005,   1.3786E-004,   8.7350E-007,  
1492.172,   5.4425E-006,   7.1778E-005,   1.4525E-004,   7.8400E-007,  
1494.157,   5.5680E-006,   7.2163E-005,   1.5038E-004,   7.3100E-007,  
1496.172,   5.3305E-006,   7.2667E-005,   1.7251E-004,   6.8000E-007,  
1498.172,   5.4140E-006,   7.3518E-005,   1.6598E-004,   5.4150E-007,  
1500.157,   5.9025E-006,   7.2199E-005,   1.5201E-004,   6.2350E-007,  
1502.172,   5.9815E-006,   7.1832E-005,   1.4450E-004,   4.5200E-007,  
1504.157,   5.9455E-006,   7.3411E-005,   1.3831E-004,   6.0300E-007,  
1506.172,   5.6850E-006,   7.2278E-005,   1.3866E-004,   5.5850E-007,  
1508.172,   5.2325E-006,   7.2589E-005,   1.4652E-004,   5.2850E-007,  
1510.172,   5.4540E-006,   7.4342E-005,   1.7186E-004,   8.6900E-007,  
1512.157,   5.6505E-006,   7.3481E-005,   1.6553E-004,   7.3300E-007,  
1514.172,   5.8530E-006,   7.2511E-005,   1.4947E-004,   4.9750E-007,  
1516.172,   5.5025E-006,   7.2807E-005,   1.5052E-004,   6.6800E-007,  
1518.172,   5.4515E-006,   7.1909E-005,   1.4175E-004,   7.3350E-007,  
1520.188,   5.4280E-006,   7.4366E-005,   1.3563E-004,   7.8650E-007,  
1522.157,   5.4510E-006,   7.3349E-005,   1.4541E-004,   8.8600E-007,  
1524.172,   5.4040E-006,   7.1765E-005,   1.4511E-004,   6.2800E-007,  
1526.157,   5.5800E-006,   7.2079E-005,   1.7055E-004,   6.3300E-007,  
1528.172,   5.5545E-006,   7.0857E-005,   1.6922E-004,   6.4100E-007,  
1530.157,   5.8460E-006,   7.1294E-005,   1.4141E-004,   6.0400E-007,  
1532.172,   5.3925E-006,   7.1705E-005,   1.4040E-004,   6.6600E-007,  
1534.172,   5.3325E-006,   7.3653E-005,   1.3865E-004,   8.4100E-007,  
1536.172,   5.5950E-006,   7.1994E-005,   1.4994E-004,   6.7450E-007,  
1538.172,   5.2865E-006,   7.0239E-005,   1.4987E-004,   7.5100E-007,  
1540.172,   5.8040E-006,   7.1480E-005,   1.5894E-004,   7.8000E-007,  
1542.172,   5.7830E-006,   7.1317E-005,   1.7579E-004,   5.4000E-007,  
1544.172,   5.3635E-006,   7.3362E-005,   1.4923E-004,   8.2050E-007,  
1546.157,   5.6110E-006,   7.1452E-005,   1.3765E-004,   6.5050E-007,  
1548.172,   5.3765E-006,   6.9989E-005,   1.3690E-004,   8.5300E-007,  
1550.172,   5.2870E-006,   7.1067E-005,   1.3452E-004,   4.5200E-007,  
1552.172,   5.2280E-006,   7.2385E-005,   1.5769E-004,   8.3600E-007,  
1554.172,   5.3265E-006,   7.0528E-005,   1.4942E-004,   7.9300E-007,  
1556.172,   5.0970E-006,   7.0634E-005,   1.4131E-004,   5.8550E-007,  
1558.157,   5.5455E-006,   6.9485E-005,   1.5910E-004,   6.2750E-007,  
1560.172,   5.2750E-006,   7.2727E-005,   1.4977E-004,   8.5150E-007,  
1562.172,   5.7600E-006,   7.2237E-005,   1.4202E-004,   7.0050E-007,  
1564.172,   5.7375E-006,   7.2177E-005,   1.4261E-004,   7.0100E-007,  
1566.203,   5.5085E-006,   7.0381E-005,   1.4947E-004,   6.0800E-007,  
1568.188,   5.2925E-006,   7.2566E-005,   1.6204E-004,   8.1150E-007,  
1570.188,   5.5400E-006,   7.1250E-005,   1.4456E-004,   8.5100E-007,  
1572.172,   5.6875E-006,   7.1537E-005,   1.3808E-004,   8.8850E-007,  
1574.188,   5.3295E-006,   6.8474E-005,   1.4998E-004,   7.5150E-007,  
1576.172,   5.1880E-006,   7.1026E-005,   1.7466E-004,   8.2200E-007,  
1578.188,   5.3425E-006,   7.0737E-005,   1.5034E-004,   5.5150E-007,  
1580.188,   5.3330E-006,   7.2483E-005,   1.3605E-004,   8.4200E-007,  
1582.188,   5.9905E-006,   7.1107E-005,   1.4050E-004,   7.4600E-007,  
1584.188,   5.3725E-006,   6.9269E-005,   1.5902E-004,   6.3200E-007,  
1586.188,   5.4890E-006,   7.0925E-005,   1.4908E-004,   5.1350E-007,  
1588.188,   5.5865E-006,   6.9334E-005,   1.3978E-004,   7.4200E-007,  
1590.188,   5.2575E-006,   7.0040E-005,   1.4061E-004,   7.7550E-007,  
1592.172,   5.6475E-006,   6.8731E-005,   1.5339E-004,   6.3700E-007,  
1594.188,   5.3260E-006,   7.1220E-005,   1.8072E-004,   7.0500E-007,  
1596.188,   5.6315E-006,   7.0208E-005,   1.5079E-004,   8.4250E-007,  
1598.172,   5.8680E-006,   6.8798E-005,   1.4091E-004,   8.4400E-007,  
1600.188,   5.0380E-006,   7.1140E-005,   1.4121E-004,   1.0260E-006,  
1602.188,   5.8025E-006,   6.9710E-005,   1.4243E-004,   7.1950E-007,  
1604.188,   5.1050E-006,   7.0906E-005,   1.3906E-004,   5.4050E-007,  
1606.203,   5.0930E-006,   6.9350E-005,   1.4529E-004,   7.8150E-007,  
1608.188,   5.6440E-006,   6.9341E-005,   1.5689E-004,   6.6150E-007,  
1610.188,   5.2615E-006,   7.0739E-005,   1.6846E-004,   8.0500E-007,  
1612.172,   5.0420E-006,   6.9858E-005,   1.6139E-004,   8.5900E-007,  
1614.188,   5.5760E-006,   6.9179E-005,   1.5024E-004,   4.5450E-007,  
1616.188,   5.4870E-006,   6.9635E-005,   1.4371E-004,   5.4900E-007,  
1618.188,   5.5960E-006,   6.7573E-005,   1.4535E-004,   6.1850E-007,  
1620.172,   5.2215E-006,   6.7762E-005,   1.4154E-004,   8.7150E-007,  
1622.188,   5.5120E-006,   6.9715E-005,   1.5398E-004,   6.8600E-007,  
1624.188,   5.2520E-006,   7.0200E-005,   1.6588E-004,   5.3100E-007,  
1626.172,   5.2465E-006,   6.8041E-005,   1.5353E-004,   9.2700E-007,  
1628.188,   5.4625E-006,   6.8255E-005,   1.4506E-004,   6.6250E-007,  
1630.172,   5.5535E-006,   6.7966E-005,   1.3769E-004,   1.1130E-006,  
1632.188,   5.5275E-006,   6.8701E-005,   1.5001E-004,   6.3500E-007,  
1634.188,   5.1445E-006,   6.8179E-005,   1.5950E-004,   6.0150E-007,  
1636.188,   5.1610E-006,   6.9634E-005,   1.4977E-004,   7.8700E-007,  
1638.188,   5.2330E-006,   6.9595E-005,   1.4443E-004,   8.7550E-007,  
1640.188,   5.3505E-006,   6.9459E-005,   1.5201E-004,   9.2700E-007,  
1642.188,   5.3350E-006,   6.9192E-005,   1.5271E-004,   6.3200E-007,  
1644.188,   5.2935E-006,   6.9840E-005,   1.7372E-004,   5.8300E-007,  
1646.172,   5.3650E-006,   6.9798E-005,   1.5734E-004,   7.4250E-007,  
1648.188,   5.2205E-006,   6.8354E-005,   1.4569E-004,   5.4600E-007,  
1650.188,   5.8310E-006,   6.7188E-005,   1.4612E-004,   6.3700E-007,  
1652.172,   5.7520E-006,   6.9126E-005,   1.5174E-004,   6.0700E-007,  
1654.188,   5.3765E-006,   6.8265E-005,   1.4535E-004,   7.1850E-007,  
1656.172,   5.5335E-006,   6.8582E-005,   1.4148E-004,   3.9700E-007,  
1658.188,   5.5315E-006,   6.9127E-005,   1.5998E-004,   7.9500E-007,  
1660.172,   5.1725E-006,   7.1001E-005,   1.5611E-004,   8.2750E-007,  
1662.172,   5.0890E-006,   6.7174E-005,   1.4421E-004,   6.5800E-007,  
1664.188,   5.2960E-006,   6.8188E-005,   1.4134E-004,   5.3750E-007,  
1666.188,   5.8925E-006,   6.8273E-005,   1.3659E-004,   6.7250E-007,  
1668.188,   5.2310E-006,   6.9688E-005,   1.4652E-004,   8.4300E-007,  
1670.172,   5.4260E-006,   6.8312E-005,   1.6332E-004,   7.3350E-007,  
1672.188,   5.2085E-006,   6.8477E-005,   1.6099E-004,   6.8250E-007,  
1674.188,   5.1640E-006,   6.9530E-005,   1.5638E-004,   7.9300E-007,  
1676.188,   5.2180E-006,   6.9974E-005,   1.4627E-004,   6.0450E-007,  
1678.172,   5.1655E-006,   6.9124E-005,   1.4357E-004,   6.0450E-007,  
1680.188,   5.3070E-006,   6.8519E-005,   1.4842E-004,   6.7300E-007,  
1682.188,   5.5730E-006,   6.8567E-005,   1.5543E-004,   6.1700E-007,  
1684.188,   5.3240E-006,   6.7396E-005,   1.8202E-004,   5.6200E-007,  
1686.188,   5.1500E-006,   6.6714E-005,   1.5523E-004,   7.1750E-007,  
1688.172,   5.0700E-006,   6.8231E-005,   1.4763E-004,   9.1350E-007,  
1690.188,   5.0975E-006,   6.7453E-005,   1.4382E-004,   6.4050E-007,  
1692.188,   5.1505E-006,   6.7093E-005,   1.4234E-004,   6.3050E-007,  
1694.188,   5.0595E-006,   6.8341E-005,   1.4196E-004,   7.1150E-007,  
1696.188,   5.0875E-006,   6.8509E-005,   1.4476E-004,   6.4300E-007,  
1698.188,   5.1810E-006,   6.8365E-005,   1.8964E-004,   7.6400E-007,  
1700.188,   5.2300E-006,   6.8774E-005,   1.5621E-004,   4.7350E-007,  
1702.188,   4.9530E-006,   6.8158E-005,   1.7139E-004,   7.4650E-007,  
1704.188,   5.0295E-006,   6.9166E-005,   1.4522E-004,   7.1750E-007,  
1706.172,   5.5615E-006,   6.6808E-005,   1.4669E-004,   5.3550E-007,  
1708.172,   5.6110E-006,   6.6709E-005,   1.5485E-004,   7.6950E-007,  
1710.188,   5.4525E-006,   6.6606E-005,   1.4796E-004,   6.0200E-007,  
1712.188,   5.0210E-006,   6.7662E-005,   1.4469E-004,   5.6350E-007,  
1714.188,   5.0370E-006,   6.6055E-005,   1.7193E-004,   6.2400E-007,  
1716.188,   5.1035E-006,   6.7743E-005,   1.5688E-004,   5.1850E-007,  
1718.188,   5.4685E-006,   6.5672E-005,   1.4282E-004,   6.2550E-007,  
1720.188,   5.2190E-006,   6.7021E-005,   1.4339E-004,   6.1200E-007,  
1722.188,   5.0195E-006,   6.7716E-005,   1.5240E-004,   6.9950E-007,  
1724.172,   5.1210E-006,   6.7439E-005,   1.4983E-004,   5.6250E-007,  
1726.188,   5.1360E-006,   6.5754E-005,   1.4127E-004,   7.4900E-007,  
1728.188,   4.9265E-006,   6.6847E-005,   1.6504E-004,   7.2750E-007,  
1730.188,   5.1655E-006,   6.7615E-005,   1.5544E-004,   5.8250E-007,  
1732.188,   5.0570E-006,   6.6313E-005,   1.5890E-004,   8.0950E-007,  
1734.188,   5.2095E-006,   6.7686E-005,   1.5761E-004,   8.4250E-007,  
1736.172,   5.1700E-006,   6.7927E-005,   1.5734E-004,   9.3100E-007,  
1738.188,   4.9355E-006,   6.8173E-005,   1.6457E-004,   7.1200E-007,  
1740.188,   5.1390E-006,   6.7823E-005,   1.4999E-004,   4.5250E-007,  
1742.188,   5.4385E-006,   6.7913E-005,   1.4450E-004,   6.7950E-007,  
1744.188,   5.0940E-006,   6.6317E-005,   1.4527E-004,   6.0450E-007,  
1746.188,   5.1985E-006,   6.6346E-005,   1.4431E-004,   7.0250E-007,  
1748.188,   5.2190E-006,   6.6221E-005,   1.4217E-004,   6.5200E-007,  
1750.188,   5.2925E-006,   6.7035E-005,   1.6143E-004,   5.2500E-007,  
1752.188,   4.9250E-006,   6.6152E-005,   1.8619E-004,   5.2600E-007,  
1754.172,   5.3035E-006,   6.5013E-005,   1.7612E-004,   6.5750E-007,  
1756.188,   5.0245E-006,   6.7863E-005,   1.4869E-004,   6.6050E-007,  
1758.172,   5.3860E-006,   6.7394E-005,   1.4171E-004,   4.2100E-007,  
1760.188,   5.0790E-006,   6.4983E-005,   1.3925E-004,   7.7500E-007,  
1762.188,   5.0245E-006,   6.6722E-005,   1.3499E-004,   7.9450E-007,  
1764.188,   4.8675E-006,   6.6721E-005,   1.3870E-004,   7.4500E-007,  
1766.188,   5.0800E-006,   6.5250E-005,   1.5359E-004,   8.5250E-007,  
1768.188,   5.1850E-006,   6.5308E-005,   1.7975E-004,   4.0750E-007,  
1770.188,   4.9930E-006,   6.6127E-005,   1.7955E-004,   6.7800E-007,  
1772.188,   4.9770E-006,   6.4293E-005,   1.4668E-004,   6.0400E-007,  
1774.188,   4.9395E-006,   6.6430E-005,   1.3647E-004,   6.3150E-007,  
1776.172,   5.4580E-006,   6.5887E-005,   1.3508E-004,   4.2150E-007,  
1778.188,   4.8745E-006,   6.5180E-005,   1.3370E-004,   6.6100E-007,  
1780.188,   5.1435E-006,   6.6983E-005,   1.4288E-004,   7.1900E-007,  
1782.188,   5.1445E-006,   6.4040E-005,   1.4399E-004,   7.5950E-007,  
1784.188,   4.9800E-006,   6.4153E-005,   1.4692E-004,   7.5850E-007,  
1786.188,   5.3375E-006,   6.7124E-005,   1.8565E-004,   6.1900E-007,  
1788.203,   5.7620E-006,   6.5428E-005,   1.7201E-004,   4.8450E-007,  
1790.188,   5.1255E-006,   6.6270E-005,   1.4590E-004,   7.6600E-007,  
1792.188,   5.0400E-006,   6.6127E-005,   1.4810E-004,   7.0950E-007,  
1794.188,   4.9425E-006,   6.5408E-005,   1.4673E-004,   7.8000E-007,  
1796.188,   4.8550E-006,   6.5213E-005,   1.5244E-004,   8.2550E-007,  
1798.188,   5.1905E-006,   6.5598E-005,   1.4225E-004,   6.6900E-007,  
1800.188,   5.3245E-006,   6.5970E-005,   1.4961E-004,   7.1200E-007,  
1802.188,   5.0100E-006,   6.7309E-005,   1.6572E-004,   7.5250E-007,  
1804.172,   4.9225E-006,   6.7057E-005,   1.5176E-004,   8.3050E-007,  
1806.188,   4.8950E-006,   6.4685E-005,   1.5199E-004,   7.2500E-007,  
1808.188,   4.8025E-006,   6.5725E-005,   1.5986E-004,   5.9950E-007,  
1810.172,   5.2960E-006,   6.5422E-005,   1.5277E-004,   6.3550E-007,  
1812.188,   5.0100E-006,   6.6827E-005,   1.4271E-004,   8.3600E-007,  
1814.188,   5.0230E-006,   6.6957E-005,   1.6369E-004,   8.7300E-007,  
1816.172,   5.2950E-006,   6.6322E-005,   1.4519E-004,   7.6100E-007,  
1818.188,   4.9805E-006,   6.4345E-005,   1.4183E-004,   5.3400E-007,  
1820.188,   5.2625E-006,   6.5517E-005,   1.4038E-004,   7.1450E-007,  
1822.188,   5.0080E-006,   6.4311E-005,   1.6437E-004,   4.8450E-007,  
1824.172,   5.0025E-006,   6.5614E-005,   1.7094E-004,   6.0700E-007,  
1826.188,   5.1775E-006,   6.5153E-005,   1.4671E-004,   7.9350E-007,  
1828.172,   4.9535E-006,   6.5391E-005,   1.4739E-004,   5.9250E-007,  
1830.188,   5.3510E-006,   6.5831E-005,   1.4032E-004,   5.9400E-007,  
1832.188,   5.3985E-006,   6.4371E-005,   1.5509E-004,   5.3300E-007,  
1834.172,   5.0800E-006,   6.3826E-005,   1.7188E-004,   5.8700E-007,  
1836.188,   5.3290E-006,   6.3614E-005,   1.7701E-004,   6.5650E-007,  
1838.188,   4.8585E-006,   6.5028E-005,   1.6927E-004,   6.2500E-007,  
1840.172,   4.9605E-006,   6.3618E-005,   1.5052E-004,   7.8300E-007,  
1842.188,   5.0565E-006,   6.3448E-005,   1.4213E-004,   8.8050E-007,  
1844.188,   5.1080E-006,   6.3247E-005,   1.4672E-004,   5.6200E-007,  
1846.188,   4.9975E-006,   6.5185E-005,   1.3926E-004,   4.6650E-007,  
1848.188,   4.9945E-006,   6.4762E-005,   1.3970E-004,   5.4800E-007,  
1850.172,   4.8445E-006,   6.3655E-005,   1.6719E-004,   8.2550E-007,  
1852.188,   5.5465E-006,   6.4897E-005,   1.9025E-004,   6.4400E-007,  
1854.188,   4.8645E-006,   6.2984E-005,   1.5794E-004,   7.9600E-007,  
1856.188,   5.1475E-006,   6.4750E-005,   1.4556E-004,   6.8800E-007,  
1858.188,   4.9625E-006,   6.5182E-005,   1.3778E-004,   6.5900E-007,  
1860.188,   4.9990E-006,   6.4974E-005,   1.5472E-004,   7.5800E-007,  
1862.188,   4.8060E-006,   6.5323E-005,   1.5555E-004,   6.5150E-007,  
1864.188,   4.9455E-006,   6.4315E-005,   1.4173E-004,   6.2850E-007,  
1866.188,   5.1570E-006,   6.3372E-005,   1.5759E-004,   5.2150E-007,  
1868.188,   4.9380E-006,   6.3631E-005,   1.5927E-004,   6.7700E-007,  
1870.188,   4.7310E-006,   6.3357E-005,   1.4420E-004,   6.9700E-007,  
1872.188,   4.7195E-006,   6.4946E-005,   1.4303E-004,   1.0435E-006,  
1874.188,   4.9780E-006,   6.5642E-005,   1.4552E-004,   7.5750E-007,  
1876.188,   5.1815E-006,   6.4464E-005,   1.5886E-004,   6.9500E-007,  
1878.188,   4.7220E-006,   6.3672E-005,   1.7158E-004,   4.8750E-007,  
1880.172,   4.7905E-006,   6.4667E-005,   1.6136E-004,   6.4250E-007,  
1882.188,   5.2410E-006,   6.4637E-005,   1.4993E-004,   6.5750E-007,  
1884.188,   5.2705E-006,   6.3866E-005,   1.3867E-004,   6.0750E-007,  
1886.188,   5.0560E-006,   6.4242E-005,   1.5000E-004,   4.9350E-007,  
1888.188,   4.9470E-006,   6.5198E-005,   1.5819E-004,   7.0250E-007,  
1890.188,   5.2775E-006,   6.3539E-005,   1.7884E-004,   6.2050E-007,  
1892.188,   5.1345E-006,   6.5099E-005,   1.7425E-004,   9.9900E-007,  
1894.188,   4.9125E-006,   6.3971E-005,   1.4770E-004,   6.7400E-007,  
1896.188,   5.1045E-006,   6.3861E-005,   1.4769E-004,   5.1250E-007,  
1898.188,   5.2480E-006,   6.2915E-005,   1.4920E-004,   6.3800E-007,  
1900.188,   5.2005E-006,   6.2464E-005,   1.4339E-004,   5.4300E-007,  
1902.188,   5.4580E-006,   6.2366E-005,   1.6099E-004,   5.0350E-007,  
1904.188,   4.9295E-006,   6.3167E-005,   1.5248E-004,   6.3300E-007,  
1906.188,   5.0690E-006,   6.3901E-005,   1.4922E-004,   6.2150E-007,  
1908.188,   4.8355E-006,   6.2601E-005,   1.6629E-004,   9.4750E-007,  
1910.188,   4.8650E-006,   6.2966E-005,   1.4752E-004,   5.8800E-007,  
1912.188,   4.8660E-006,   6.1541E-005,   1.5147E-004,   6.7400E-007,  
1914.188,   4.9620E-006,   6.2532E-005,   1.6431E-004,   5.2750E-007,  
1916.203,   5.0640E-006,   6.2098E-005,   1.4629E-004,   8.1250E-007,  
1918.188,   4.9015E-006,   6.3641E-005,   1.5440E-004,   7.0250E-007,  
1920.188,   4.8095E-006,   6.2849E-005,   1.5473E-004,   8.7700E-007,  
1922.188,   4.8830E-006,   6.5040E-005,   1.5592E-004,   7.3750E-007,  
1924.188,   4.9145E-006,   6.3207E-005,   1.5650E-004,   5.8500E-007,  
1926.172,   4.8755E-006,   6.2291E-005,   1.5952E-004,   5.6250E-007,  
1928.188,   5.1925E-006,   6.3630E-005,   1.5557E-004,   9.2600E-007,  
1930.172,   5.0060E-006,   6.4532E-005,   1.4239E-004,   1.0870E-006,  
1932.188,   4.9720E-006,   6.1337E-005,   1.5272E-004,   9.3600E-007,  
1934.188,   4.8560E-006,   6.0986E-005,   1.7917E-004,   5.2150E-007,  
1936.203,   4.7935E-006,   6.0974E-005,   1.7284E-004,   8.6450E-007,  
1938.188,   4.6725E-006,   6.1557E-005,   1.5307E-004,   9.3550E-007,  
1940.172,   4.9490E-006,   5.9462E-005,   1.5328E-004,   8.6300E-007,  
1942.188,   5.4350E-006,   6.0395E-005,   1.5237E-004,   4.9900E-007,  
1944.172,   5.0115E-006,   6.0689E-005,   1.5165E-004,   4.7050E-007,  
1946.188,   4.8110E-006,   6.1802E-005,   1.4282E-004,   7.7350E-007,  
1948.188,   4.8390E-006,   6.1121E-005,   1.4655E-004,   6.0100E-007,  
1950.188,   4.9605E-006,   6.1021E-005,   1.6829E-004,   8.3150E-007,  
1952.188,   5.4255E-006,   5.9487E-005,   1.6645E-004,   8.2400E-007,  
1954.188,   5.0040E-006,   6.0843E-005,   1.4969E-004,   4.7650E-007,  
1956.188,   4.7720E-006,   6.0901E-005,   1.4635E-004,   4.4850E-007,  
1958.188,   5.3610E-006,   6.0119E-005,   1.4859E-004,   7.3400E-007,  
1960.188,   5.0980E-006,   5.9052E-005,   1.5093E-004,   9.1700E-007,  
1962.188,   5.2505E-006,   6.0962E-005,   1.5327E-004,   6.8500E-007,  
1964.188,   4.8760E-006,   6.1056E-005,   1.5386E-004,   5.8050E-007,  
1966.188,   4.9420E-006,   6.0513E-005,   1.6089E-004,   4.9350E-007,  
1968.172,   5.4195E-006,   6.1406E-005,   1.5786E-004,   4.3500E-007,  
1970.188,   5.3650E-006,   6.0402E-005,   1.5237E-004,   8.2250E-007,  
1972.172,   5.2855E-006,   6.0570E-005,   1.5174E-004,   7.4100E-007,  
1974.188,   5.0205E-006,   6.1804E-005,   1.6411E-004,   6.7800E-007,  
1976.188,   5.1095E-006,   6.0361E-005,   1.5252E-004,   4.0100E-007,  
1978.172,   4.9445E-006,   6.0063E-005,   1.4813E-004,   7.3000E-007,  
1980.188,   5.1625E-006,   6.0879E-005,   1.6252E-004,   7.6000E-007,  
1982.188,   5.0790E-006,   6.1340E-005,   1.9484E-004,   7.8500E-007,  
1984.188,   4.9940E-006,   6.1986E-005,   1.5307E-004,   7.8800E-007,  
1986.188,   5.0170E-006,   6.0798E-005,   1.4204E-004,   5.4650E-007,  
1988.172,   5.4185E-006,   6.1684E-005,   1.4517E-004,   7.9900E-007,  
1990.188,   5.1195E-006,   6.0507E-005,   1.4820E-004,   7.2350E-007,  
1992.188,   4.9205E-006,   6.1764E-005,   1.4520E-004,   8.8200E-007,  
1994.188,   5.0655E-006,   6.0133E-005,   1.5348E-004,   7.0450E-007,  
1996.172,   5.0110E-006,   6.0790E-005,   1.6203E-004,   5.6600E-007,  
1998.172,   4.8130E-006,   6.0885E-005,   1.7503E-004,   5.2100E-007,  
2000.188,   5.3820E-006,   6.0699E-005,   1.5019E-004,   6.8000E-007,  
2002.188,   4.8620E-006,   5.9683E-005,   1.5228E-004,   8.4550E-007,  
2004.203,   4.9800E-006,   6.1026E-005,   1.5287E-004,   8.6250E-007,  
2006.172,   4.5690E-006,   5.9763E-005,   1.5314E-004,   5.7150E-007,  
2008.188,   5.1045E-006,   5.9689E-005,   1.5846E-004,   6.5700E-007,  
2010.188,   5.0030E-006,   5.9679E-005,   1.4788E-004,   6.2450E-007,  
2012.172,   5.3370E-006,   6.0011E-005,   1.5247E-004,   7.8650E-007,  
2014.203,   4.9140E-006,   6.2046E-005,   1.4331E-004,   7.2650E-007,  
2016.188,   4.8275E-006,   6.0902E-005,   1.5721E-004,   6.1150E-007,  
2018.188,   4.9745E-006,   5.9825E-005,   1.5501E-004,   6.8050E-007,  
2020.172,   5.0190E-006,   6.1860E-005,   1.7248E-004,   7.9250E-007,  
2022.188,   5.1065E-006,   6.1937E-005,   1.7559E-004,   7.6450E-007,  
2024.188,   4.7745E-006,   6.0570E-005,   1.4884E-004,   7.4050E-007,  
2026.188,   4.9530E-006,   5.9737E-005,   1.3792E-004,   5.6950E-007,  
2028.188,   4.7690E-006,   5.9670E-005,   1.3810E-004,   6.4700E-007,  
2030.188,   4.8640E-006,   5.9969E-005,   1.5181E-004,   6.3350E-007,  
2032.188,   4.8620E-006,   5.8524E-005,   1.3930E-004,   6.9750E-007,  
2034.188,   5.2695E-006,   5.9357E-005,   1.5368E-004,   7.9950E-007,  
2036.172,   4.9095E-006,   6.1286E-005,   1.6037E-004,   6.2450E-007,  
2038.188,   5.1660E-006,   6.0559E-005,   1.5471E-004,   4.9100E-007,  
2040.188,   5.1275E-006,   6.1565E-005,   1.5241E-004,   6.4300E-007,  
2042.172,   4.8105E-006,   6.1058E-005,   1.6613E-004,   9.4900E-007,  
2044.188,   5.0785E-006,   6.2331E-005,   1.4531E-004,   7.3850E-007,  
2046.188,   4.8195E-006,   5.9762E-005,   1.4352E-004,   5.8500E-007,  
2048.188,   4.8290E-006,   5.9065E-005,   1.4344E-004,   5.9950E-007,  
2050.188,   4.8300E-006,   5.8348E-005,   1.3935E-004,   9.1000E-007,  
2052.188,   4.9300E-006,   5.8816E-005,   1.5771E-004,   7.1850E-007,  
2054.188,   4.9625E-006,   6.1200E-005,   1.7123E-004,   6.6950E-007,  
2056.172,   5.4840E-006,   5.9772E-005,   1.5939E-004,   8.0050E-007,  
2058.203,   4.7495E-006,   5.9404E-005,   1.6551E-004,   5.2850E-007,  
2060.188,   4.8345E-006,   5.8819E-005,   1.4962E-004,   7.3200E-007,  
2062.188,   4.6855E-006,   6.0573E-005,   1.5006E-004,   8.7800E-007,  
2064.188,   4.8330E-006,   6.1602E-005,   1.4718E-004,   6.7000E-007,  
2066.188,   4.7245E-006,   5.9597E-005,   1.4470E-004,   6.4700E-007,  
2068.188,   5.1275E-006,   5.9169E-005,   1.5389E-004,   5.2250E-007,  
2070.188,   5.0120E-006,   5.9849E-005,   1.7073E-004,   6.4900E-007,  
2072.188,   4.9330E-006,   6.0657E-005,   1.9105E-004,   6.6300E-007,  
2074.172,   4.8385E-006,   5.9977E-005,   1.5301E-004,   9.3650E-007,  
2076.188,   5.4010E-006,   5.8834E-005,   1.4457E-004,   5.0350E-007,  
2078.188,   5.0260E-006,   5.9207E-005,   1.3954E-004,   4.3800E-007,  
2080.188,   4.9770E-006,   5.8802E-005,   1.4381E-004,   4.5750E-007,  
2082.172,   5.2850E-006,   5.8355E-005,   1.4628E-004,   5.4450E-007,  
2084.188,   5.4685E-006,   5.8765E-005,   1.9151E-004,   7.1250E-007,  
2086.188,   4.7460E-006,   6.0200E-005,   1.7155E-004,   7.0950E-007,  
2088.188,   5.0480E-006,   5.9874E-005,   1.4537E-004,   3.9150E-007,  
2090.188,   5.0625E-006,   5.9594E-005,   1.4610E-004,   5.2350E-007,  
2092.188,   4.9795E-006,   5.8035E-005,   1.5243E-004,   8.1850E-007,  
2094.188,   4.9180E-006,   5.8147E-005,   1.4227E-004,   8.2700E-007,  
2096.172,   4.9205E-006,   5.8568E-005,   1.5902E-004,   6.0100E-007,  
2098.188,   5.1100E-006,   5.8633E-005,   1.5071E-004,   5.0250E-007,  
2100.172,   4.7500E-006,   6.0635E-005,   1.5710E-004,   1.0450E-006,  
2102.188,   5.4750E-006,   5.8727E-005,   1.7247E-004,   6.0200E-007,  
2104.188,   5.3675E-006,   5.7497E-005,   1.5366E-004,   4.5150E-007,  
2106.172,   5.4025E-006,   5.8343E-005,   1.6065E-004,   6.9300E-007,  
2108.188,   4.6650E-006,   5.9743E-005,   1.4503E-004,   7.0800E-007,  
2110.188,   4.8345E-006,   5.7506E-005,   1.4859E-004,   6.9500E-007,  
2112.188,   4.9130E-006,   5.8450E-005,   1.4349E-004,   7.0250E-007,  
2114.188,   4.5860E-006,   5.8208E-005,   1.4194E-004,   6.9250E-007,  
2116.172,   5.2365E-006,   5.9050E-005,   1.4954E-004,   7.3850E-007,  
2118.188,   4.7545E-006,   5.7843E-005,   1.6460E-004,   6.0600E-007,  
2120.172,   4.9470E-006,   5.9158E-005,   1.9475E-004,   4.8150E-007,  
2122.188,   4.6635E-006,   5.7648E-005,   1.4954E-004,   8.7300E-007,  
2124.188,   5.0820E-006,   5.8055E-005,   1.4240E-004,   6.3650E-007,  
2126.188,   5.4075E-006,   5.9541E-005,   1.4339E-004,   7.2450E-007,  
2128.172,   4.7725E-006,   5.8688E-005,   1.5310E-004,   5.7500E-007,  
2130.188,   4.6960E-006,   5.8375E-005,   1.4820E-004,   5.6950E-007,  
2132.188,   4.8605E-006,   5.8120E-005,   1.4798E-004,   5.1550E-007,  
2134.188,   5.0030E-006,   5.8826E-005,   1.6063E-004,   6.7800E-007,  
2136.188,   4.8200E-006,   5.7289E-005,   1.5303E-004,   8.3150E-007,  
2138.188,   5.1065E-006,   5.8991E-005,   1.5511E-004,   4.5450E-007,  
2140.188,   5.0805E-006,   5.8611E-005,   1.4761E-004,   6.1650E-007,  
2142.188,   4.9195E-006,   5.8283E-005,   1.5409E-004,   5.3600E-007,  
2144.188,   4.9990E-006,   5.7231E-005,   1.5483E-004,   7.5600E-007,  
2146.188,   5.0060E-006,   5.7445E-005,   1.6350E-004,   5.3900E-007,  
2148.172,   5.3325E-006,   5.8118E-005,   1.7008E-004,   5.1000E-007,  
2150.188,   4.6640E-006,   5.8512E-005,   1.4886E-004,   5.3650E-007,  
2152.188,   4.8790E-006,   5.7604E-005,   1.4152E-004,   5.6300E-007,  
2154.188,   4.9715E-006,   5.7553E-005,   1.3934E-004,   6.9450E-007,  
2156.188,   4.6705E-006,   5.8113E-005,   1.4479E-004,   7.1350E-007,  
2158.188,   4.9000E-006,   5.7234E-005,   1.6293E-004,   5.7000E-007,  
2160.188,   4.8000E-006,   5.7889E-005,   1.6835E-004,   4.5600E-007,  
2162.188,   4.9915E-006,   5.8282E-005,   1.9562E-004,   5.3650E-007,  
2164.172,   4.6660E-006,   5.8004E-005,   1.5643E-004,   6.6350E-007,  
2166.188,   4.6730E-006,   5.7981E-005,   1.4464E-004,   5.6750E-007,  
2168.188,   5.0815E-006,   5.9035E-005,   1.4327E-004,   3.9600E-007,  
2170.188,   4.8295E-006,   5.8321E-005,   1.4523E-004,   3.9500E-007,  
2172.188,   4.7185E-006,   5.7348E-005,   1.4105E-004,   6.3800E-007,  
2174.188,   4.7940E-006,   5.7844E-005,   1.4178E-004,   4.8600E-007,  
2176.172,   4.5690E-006,   5.6884E-005,   1.3830E-004,   5.5500E-007,  
2178.188,   4.9010E-006,   5.7679E-005,   1.6048E-004,   5.3300E-007,  
2180.188,   4.8300E-006,   5.8528E-005,   1.6641E-004,   4.3750E-007,  
2182.172,   4.6610E-006,   5.6882E-005,   1.6801E-004,   4.4550E-007,  
2184.188,   4.9990E-006,   5.8091E-005,   1.5021E-004,   5.8450E-007,  
2186.172,   4.6125E-006,   5.6928E-005,   1.4062E-004,   6.0150E-007,  
2188.188,   4.8155E-006,   5.7696E-005,   1.4912E-004,   5.5300E-007,  
2190.172,   4.6380E-006,   5.7162E-005,   1.4730E-004,   4.4100E-007,  
2192.188,   4.8770E-006,   5.7872E-005,   1.5530E-004,   5.1850E-007,  
2194.172,   4.9475E-006,   5.6660E-005,   1.4762E-004,   6.8200E-007,  
2196.188,   4.8665E-006,   5.6236E-005,   1.4540E-004,   4.6650E-007,  
2198.188,   5.1775E-006,   5.6589E-005,   1.4158E-004,   5.5850E-007,  
2200.172,   4.9915E-006,   5.8760E-005,   1.6142E-004,   1.2775E-006,  
2202.188,   4.7255E-006,   5.6583E-005,   1.7435E-004,   9.6250E-007,  
2204.188,   4.6705E-006,   5.8189E-005,   1.5488E-004,   5.0100E-007,  
2206.172,   4.9805E-006,   5.6382E-005,   1.4322E-004,   6.7900E-007,  
2208.188,   5.2775E-006,   5.5659E-005,   1.5261E-004,   6.7650E-007,  
2210.188,   4.4810E-006,   5.6998E-005,   1.5211E-004,   4.9300E-007,  
2212.188,   4.8425E-006,   5.6454E-005,   1.4409E-004,   4.9300E-007,  
2214.188,   4.6955E-006,   5.7514E-005,   1.5278E-004,   7.0500E-007,  
2216.188,   4.8435E-006,   5.6879E-005,   1.5345E-004,   5.6500E-007,  
2218.188,   4.5790E-006,   5.7984E-005,   1.4149E-004,   7.3800E-007,  
2220.172,   4.9440E-006,   5.7454E-005,   1.4583E-004,   4.2750E-007,  
2222.188,   4.9560E-006,   5.6011E-005,   1.5840E-004,   3.9050E-007,  
2224.188,   4.9140E-006,   5.6808E-005,   1.5551E-004,   4.0400E-007,  
2226.188,   4.7455E-006,   5.7259E-005,   1.4729E-004,   7.0150E-007,  
2228.188,   4.5380E-006,   5.7148E-005,   1.9911E-004,   7.2850E-007,  
2230.172,   4.4155E-006,   5.8037E-005,   1.5679E-004,   5.1900E-007,  
2232.188,   4.8415E-006,   5.5878E-005,   1.4611E-004,   4.3750E-007,  
2234.188,   4.4855E-006,   5.6274E-005,   1.4264E-004,   3.1150E-007,  
2236.188,   4.3295E-006,   5.5854E-005,   1.3783E-004,   4.7500E-007,  
2238.172,   4.4235E-006,   5.6149E-005,   1.4003E-004,   3.7100E-007,  
2240.172,   4.1570E-006,   5.6539E-005,   1.5905E-004,   3.7600E-007,  
2242.172,   4.3310E-006,   5.6045E-005,   1.6163E-004,   4.2700E-007,  
2244.188,   4.6665E-006,   5.6866E-005,   1.5033E-004,   7.6200E-007,  
2246.188,   4.6015E-006,   5.7993E-005,   1.6405E-004,   4.1700E-007,  
2248.172,   4.2025E-006,   5.8023E-005,   1.5242E-004,   3.9350E-007,  
2250.188,   4.1995E-006,   5.7161E-005,   1.4646E-004,   5.4300E-007,  
2252.188,   4.6675E-006,   5.8489E-005,   1.3863E-004,   5.6700E-007,  
2254.172,   4.3235E-006,   5.7134E-005,   1.3975E-004,   5.6850E-007,  
2256.188,   4.3875E-006,   5.8218E-005,   1.5264E-004,   6.5950E-007,  
2258.188,   4.1445E-006,   5.8537E-005,   1.8031E-004,   4.2850E-007,  
2260.188,   4.6625E-006,   5.8608E-005,   1.5602E-004,   5.0150E-007,  
2262.188,   4.5755E-006,   5.9119E-005,   1.4347E-004,   6.2900E-007,  
2264.188,   4.4240E-006,   5.8694E-005,   1.4424E-004,   5.4750E-007,  
2266.188,   4.3530E-006,   6.0731E-005,   1.5254E-004,   6.2550E-007,  
2268.188,   4.6840E-006,   6.0817E-005,   1.4938E-004,   2.9500E-007,  
2270.172,   4.5085E-006,   5.8735E-005,   1.4616E-004,   5.0450E-007,  
2272.188,   4.6460E-006,   5.8566E-005,   1.5393E-004,   6.9100E-007,  
2274.188,   4.1740E-006,   5.9331E-005,   1.6278E-004,   6.2000E-007,  
2276.172,   4.3765E-006,   6.0147E-005,   1.7988E-004,   6.7300E-007,  
2278.188,   4.5195E-006,   5.9908E-005,   1.6336E-004,   4.7550E-007,  
2280.188,   4.2780E-006,   6.0109E-005,   1.5292E-004,   4.7400E-007,  
2282.188,   4.3810E-006,   6.0248E-005,   1.3965E-004,   8.0400E-007,  
2284.172,   4.7560E-006,   6.0935E-005,   1.3759E-004,   5.0100E-007,  
2286.188,   4.6665E-006,   6.1434E-005,   1.3773E-004,   8.6650E-007,  
2288.188,   4.1135E-006,   6.0252E-005,   1.4209E-004,   5.7250E-007,  
2290.172,   4.2105E-006,   5.9117E-005,   1.4849E-004,   4.2200E-007,  
2292.188,   4.2315E-006,   5.9642E-005,   1.6108E-004,   4.5200E-007,  
2294.188,   4.1615E-006,   5.8934E-005,   1.6194E-004,   4.5900E-007,  
2296.188,   4.4390E-006,   5.9113E-005,   1.7398E-004,   6.8250E-007,  
2298.203,   4.2430E-006,   5.7626E-005,   1.6144E-004,   4.5700E-007,  
2300.188,   4.4790E-006,   5.8686E-005,   1.4304E-004,   4.3950E-007,  
2302.203,   4.4805E-006,   5.8606E-005,   1.3586E-004,   7.1750E-007,  
2304.203,   4.2465E-006,   5.7105E-005,   1.4385E-004,   6.1450E-007,  
2306.188,   4.2455E-006,   5.6508E-005,   1.4713E-004,   5.5250E-007,  
2308.203,   4.7910E-006,   5.6636E-005,   1.4964E-004,   6.0000E-007,  
2310.203,   4.3100E-006,   5.8495E-005,   1.5788E-004,   5.4300E-007,  
2312.188,   4.4980E-006,   5.7850E-005,   1.6160E-004,   4.7100E-007,  
2314.203,   4.4405E-006,   5.6436E-005,   1.5544E-004,   5.4800E-007,  
2316.203,   4.5390E-006,   5.6962E-005,   1.4765E-004,   6.4200E-007,  
2318.188,   4.5305E-006,   5.7085E-005,   1.4468E-004,   5.2550E-007,  
2320.203,   4.2305E-006,   5.6184E-005,   1.6330E-004,   3.6350E-007,  
2322.188,   4.6415E-006,   5.7735E-005,   1.4544E-004,   5.5100E-007,  
2324.203,   4.0575E-006,   5.6616E-005,   1.4506E-004,   5.3450E-007,  
2326.203,   4.3205E-006,   5.7010E-005,   1.5880E-004,   7.4800E-007,  
2328.203,   4.3580E-006,   5.7294E-005,   1.5777E-004,   4.6500E-007,  
2330.188,   4.5455E-006,   5.5793E-005,   1.5291E-004,   4.5850E-007,  
2332.188,   4.3420E-006,   5.7419E-005,   1.5104E-004,   5.8350E-007,  
2334.203,   4.5605E-006,   5.7511E-005,   1.4926E-004,   3.1650E-007,  
2336.188,   4.1765E-006,   5.5689E-005,   1.6090E-004,   7.0700E-007,  
2338.203,   4.5020E-006,   5.5353E-005,   1.6000E-004,   3.8550E-007,  
2340.188,   4.3845E-006,   5.6330E-005,   1.6183E-004,   3.5050E-007,  
2342.203,   4.4275E-006,   5.6674E-005,   1.5754E-004,   7.2550E-007,  
2344.203,   4.5820E-006,   5.5772E-005,   1.5573E-004,   5.5850E-007,  
2346.188,   4.5315E-006,   5.6410E-005,   1.5381E-004,   7.1100E-007,  
2348.203,   4.2665E-006,   5.5948E-005,   1.4537E-004,   4.7400E-007,  
2350.203,   4.1445E-006,   5.5719E-005,   1.5619E-004,   4.9650E-007,  
2352.188,   4.2565E-006,   5.7509E-005,   1.6693E-004,   4.8150E-007,  
2354.203,   4.8535E-006,   5.5749E-005,   1.4926E-004,   4.3750E-007,  
2356.203,   4.1000E-006,   5.6629E-005,   1.4257E-004,   3.9050E-007,  
2358.203,   4.0170E-006,   5.5635E-005,   1.4677E-004,   4.2100E-007,  
2360.203,   4.1490E-006,   5.5616E-005,   1.4423E-004,   4.8350E-007,  
2362.203,   4.0800E-006,   5.4468E-005,   1.4743E-004,   3.2800E-007,  
2364.203,   4.3595E-006,   5.5253E-005,   1.8506E-004,   6.8250E-007,  
2366.203,   4.0535E-006,   5.4686E-005,   1.6684E-004,   5.3450E-007,  
2368.188,   4.2300E-006,   5.6308E-005,   1.4351E-004,   4.8850E-007,  
2370.203,   4.2155E-006,   5.5475E-005,   1.4324E-004,   4.1800E-007,  
2372.203,   4.2810E-006,   5.6710E-005,   1.5361E-004,   4.9500E-007,  
2374.203,   4.2785E-006,   5.6202E-005,   1.4978E-004,   5.1150E-007,  
2376.188,   4.2795E-006,   5.4917E-005,   1.3820E-004,   4.8650E-007,  
2378.203,   4.0285E-006,   5.6682E-005,   1.3877E-004,   3.6850E-007,  
2380.203,   4.0255E-006,   5.5479E-005,   1.7009E-004,   4.8100E-007,  
2382.188,   4.3965E-006,   5.6607E-005,   1.8316E-004,   4.1800E-007,  
2384.203,   4.2530E-006,   5.4796E-005,   1.5480E-004,   4.0050E-007,  
2386.203,   4.1670E-006,   5.5583E-005,   1.4159E-004,   5.1800E-007,  
2388.188,   4.0960E-006,   5.6041E-005,   1.4479E-004,   5.7600E-007,  
2390.219,   4.1355E-006,   5.5382E-005,   1.4330E-004,   5.0250E-007,  
2392.203,   4.1970E-006,   5.4118E-005,   1.4375E-004,   4.8600E-007,  
2394.203,   4.6415E-006,   5.6423E-005,   1.6501E-004,   7.3650E-007,  
2396.203,   4.0250E-006,   5.5237E-005,   1.7048E-004,   3.8400E-007,  
2398.203,   4.3175E-006,   5.5653E-005,   1.5432E-004,   2.3700E-007,  
2400.203,   4.6540E-006,   5.4744E-005,   1.4312E-004,   8.9400E-007,  
2402.203,   4.2710E-006,   5.5949E-005,   1.4720E-004,   3.2000E-007,  
2404.203,   4.1515E-006,   5.5499E-005,   1.5588E-004,   6.5100E-007,  
2406.203,   4.2345E-006,   5.4816E-005,   1.5331E-004,   5.0700E-007,  
2408.188,   4.4975E-006,   5.4619E-005,   1.7116E-004,   6.0900E-007,  
2410.203,   4.3320E-006,   5.4461E-005,   1.5918E-004,   4.6400E-007,  
2412.203,   4.2650E-006,   5.6060E-005,   1.4733E-004,   8.3200E-007,  
2414.188,   4.2925E-006,   5.5606E-005,   1.4489E-004,   2.3850E-007,  
2416.203,   4.5040E-006,   5.5629E-005,   1.4060E-004,   4.8000E-007,  
2418.203,   4.3750E-006,   5.5322E-005,   1.3980E-004,   3.7550E-007,  
2420.203,   4.0410E-006,   5.4135E-005,   1.5598E-004,   4.1900E-007,  
2422.203,   4.6400E-006,   5.4252E-005,   1.5813E-004,   5.5450E-007,  
2424.203,   4.4855E-006,   5.5162E-005,   1.6725E-004,   4.4400E-007,  
2426.203,   3.9515E-006,   5.4303E-005,   1.5820E-004,   5.0350E-007,  
2428.203,   4.4545E-006,   5.5070E-005,   1.5222E-004,   4.6800E-007,  
2430.203,   4.7195E-006,   5.5188E-005,   1.6139E-004,   6.4800E-007,  
2432.203,   4.5520E-006,   5.5085E-005,   1.8275E-004,   8.2850E-007,  
2434.203,   4.3905E-006,   5.4908E-005,   1.5747E-004,   6.0950E-007,  
2436.203,   4.3015E-006,   5.4333E-005,   1.5448E-004,   5.5900E-007,  
2438.203,   4.7425E-006,   5.5650E-005,   1.4571E-004,   7.1500E-007,  
2440.188,   4.2010E-006,   5.6129E-005,   1.4797E-004,   7.2400E-007,  
2442.203,   4.4990E-006,   5.3418E-005,   1.5087E-004,   7.3500E-007,  
2444.203,   4.3325E-006,   5.5048E-005,   1.5835E-004,   5.3500E-007,  
2446.203,   4.3740E-006,   5.4385E-005,   1.4660E-004,   6.0400E-007,  
2448.203,   4.3660E-006,   5.5615E-005,   1.5493E-004,   5.6350E-007,  
2450.203,   4.3205E-006,   5.4711E-005,   1.5036E-004,   9.2950E-007,  
2452.203,   4.8290E-006,   5.4936E-005,   1.6443E-004,   8.0300E-007,  
2454.188,   4.3280E-006,   5.5544E-005,   1.8284E-004,   5.0950E-007,  
2456.203,   4.1850E-006,   5.3445E-005,   1.4889E-004,   5.8250E-007,  
2458.203,   4.2040E-006,   5.4392E-005,   1.4692E-004,   5.0750E-007,  
2460.203,   4.7475E-006,   5.5943E-005,   1.4526E-004,   7.9050E-007,  
2462.203,   4.4465E-006,   5.5157E-005,   1.4558E-004,   7.3150E-007,  
2464.203,   4.0890E-006,   5.3528E-005,   1.6114E-004,   3.1950E-007,  
2466.203,   4.1585E-006,   5.2914E-005,   1.8534E-004,   7.2900E-007,  
2468.188,   4.5295E-006,   5.3891E-005,   1.6742E-004,   6.6150E-007,  
2470.203,   4.3230E-006,   5.2957E-005,   1.4388E-004,   5.6150E-007,  
2472.203,   5.0210E-006,   5.4090E-005,   1.3796E-004,   8.2000E-007,  
2474.188,   4.1630E-006,   5.3892E-005,   1.3693E-004,   4.0750E-007,  
2476.203,   4.4620E-006,   5.4636E-005,   1.4452E-004,   4.3100E-007,  
2478.203,   4.0775E-006,   5.4798E-005,   1.4416E-004,   5.3450E-007,  
2480.188,   4.0565E-006,   5.4306E-005,   1.8292E-004,   6.9850E-007,  
2482.203,   4.8030E-006,   5.2993E-005,   1.5920E-004,   6.0050E-007,  
2484.203,   4.1480E-006,   5.4089E-005,   1.5216E-004,   5.9650E-007,  
2486.203,   4.0850E-006,   5.3964E-005,   1.4837E-004,   6.5450E-007,  
2488.188,   4.4215E-006,   5.3187E-005,   1.5574E-004,   7.2200E-007,  
2490.188,   4.4535E-006,   5.2888E-005,   1.5662E-004,   5.0000E-007,  
2492.203,   4.0230E-006,   5.3756E-005,   1.6218E-004,   5.3850E-007,  
2494.203,   4.5305E-006,   5.3888E-005,   1.6227E-004,   4.5300E-007,  
2496.203,   4.0955E-006,   5.4335E-005,   1.5087E-004,   5.6250E-007,  
2498.188,   4.4405E-006,   5.3200E-005,   1.4114E-004,   6.1900E-007,  
2500.203,   4.1685E-006,   5.4589E-005,   1.5116E-004,   6.4750E-007,  
2502.203,   4.1155E-006,   5.2933E-005,   1.6862E-004,   7.0800E-007,  
2504.203,   4.1610E-006,   5.4418E-005,   1.6159E-004,   4.5800E-007,  
2506.203,   4.5435E-006,   5.4189E-005,   1.6061E-004,   6.9850E-007,  
2508.203,   4.1835E-006,   5.3341E-005,   1.5899E-004,   8.4900E-007,  
2510.203,   4.9410E-006,   5.3119E-005,   1.5645E-004,   7.6400E-007,  
2512.188,   4.1660E-006,   5.2869E-005,   1.4846E-004,   7.0800E-007,  
2514.219,   4.3125E-006,   5.4271E-005,   1.4748E-004,   5.7300E-007,  
2516.203,   4.1195E-006,   5.4015E-005,   1.6003E-004,   6.5000E-007,  
2518.203,   4.3855E-006,   5.2317E-005,   1.5097E-004,   6.0500E-007,  
2520.188,   4.5825E-006,   5.2715E-005,   1.6810E-004,   8.0050E-007,  
2522.203,   4.3595E-006,   5.2147E-005,   1.4887E-004,   4.0950E-007,  
2524.203,   4.0275E-006,   5.3977E-005,   1.5058E-004,   5.0850E-007,  
2526.203,   4.0410E-006,   5.2215E-005,   1.4533E-004,   6.6800E-007,  
2528.188,   4.2665E-006,   5.2412E-005,   1.6223E-004,   6.3500E-007,  
2530.203,   4.6345E-006,   5.2739E-005,   1.7435E-004,   7.9850E-007,  
2532.219,   4.2380E-006,   5.3974E-005,   1.5266E-004,   3.9400E-007,  
2534.203,   4.3380E-006,   5.2959E-005,   1.6404E-004,   6.0500E-007,  
2536.203,   4.2390E-006,   5.4198E-005,   1.7130E-004,   6.9950E-007,  
